FirstName,LastName,Companies,Title,EmailAddress,PhoneNumbers,Tags,Note
Yogesh,Dhavale,CitiusTech,Senior Associate (Data Scientist),yogy.d_92@yahoo.com,,,
Matt,Giambruno,Impossible Foods Inc.,Lead Recruiter/Talent Acquisition Manager,matt@venarisearch.com,,,
Bree,Silveira,Glassdoor,Sales Recruiter,bree.silveira@glassdoor.com,,,
John Paul,Bersabe,"Pathways Home Health, Hospice & Private Duty",Healthcare  Sourcer,jbersabe@pathwayshealth.org,,,
Abhi,Nair,RELIANCE CORPORATE IT PARK LIMITED,Social Media Specialist,abhi.tekwissen@gmail.com,9573594237,,
Tina,Campbell,Apple,Sr. Technical Recruiter,tina_campbell@apple.com,,,
Denise,"Rios, MPA",Aruba Networks,University Recruiting Program Manager,drn1969@gmail.com,,,
Kayla,Woitkowski,SAS,"Sr. Manager, University Outreach and Recruiting",kayla.villwock@sas.com,,,
Ken,Smith,Cadence Design Systems,Engineering Recruiter (contract),ksmith@cadence.com,,,
Stan,Chamala,"Horizon Technologies Inc.,",Sr.Technical Recruiter,stan.horizontechnol@gmail.com,,,
Tonja,Fagundes,SalesLinkPro,Sr. Recruiter,tonjarecruits@gmail.com,,,
Kriti,Shaw,Optym,Software Engineer,kriti.shaw@ufl.edu,,,
Mary Pierce,Bullock,Hortonworks,Technical Sourcing Lead,mbullock@hortonworks.com,,,
Vidya,Mallik,MZ,Recruiting Manager,vmallik@mz.com,,,
Liz,Ryther,NVIDIA,Recruiting Coordinator / Talent Acquisition,lryther@nvidia.com,,,
Kevin,Haynes,RMS,Sr. Talent Acquisition Consultant,kevin.haynes@rms.com,949-933-6114,,
Keri,Smith,Oracle,Principal Talent Advisor/Recruiter,keri.smith@oracle.com,650-622-6114,,
Ken,Bramham,Zaspar Technologies,Sr Technical Recruiter,ken97135@gmail.com,,,
Paul,Rescigno,Apple,Sr Recruiter - Platform Architecture,prescigno@apple.com,,,
Wendy,Salle,eBay,Sr. Technical Recruiter - Global Talent Engagement,wsalle@ebay.com,,,
Drake,Jakovac,CrowdStrike,University Programs Manager,drake.duckman@gmail.com,,,
Kavitha,Ratnam,Salesforce,Sr Technical Recruiter,kratnam@salesforce.com,,,
Rajdeep,Kaur,Barracuda (NYSE: CUDA),Technical Recruiter,nikiraaji@gmail.com,,,
Jay,Harrison,Amazon Web Services,Lead Sourcing Recruiter,jaythar@amazon.com,512-659-8626,,
Joanna,Savio,Karbon Inc,Grand Master of Happiness,joanna@karbonhq.com,,,
Sarah,Greathouse,Pandora,Senior Recruiter,sarahlgreathouse@gmail.com,,,
Ryan,Bass,Talent Acquisition/Recruitment - Contract,Technical Recruiter,Bassry@mail.gvsu.edu,,,
Beatrice,Nguyen,Facebook,"Technical Recruiter, Partner Engineering",beatricen@fb.com,,,
Rajeev,Williams,eBay,Technical Recruiter/Sourcer - Global Talent Engagement Team,rajwilliams@ebay.com,,,
Mathias,Connot,Amazon,"Senior Manager, Talent Acquisition, Amazon Web Services",mconnot@amazon.com, +12066185348,,
Nicole,Mincin - LION,Cisco,University Relations Manager,nicole.mincin@yahoo.com,,,
Kevin,Yenchik,Qualtrics,Sr. Technical Recruiter,keviny@qualtrics.com,,,
Rebecca,Hill,Visa,"Manager, Technology Recruiting",rehill@visa.com,,,
Tenzin,Khetsun,Avenue Code,Technical Recruiter,tkhetsun@avenuecode.com,,,
James,Piercy,Facebook,Technical Recruiting Lead,jepiercy@fb.com,,,
Eric,Bullock,Coinbase,Talent Connector,Eric.Bullock@coinbase.com,510-710-4476,,
Eric,Bukov,Apple,Sr. Technical Recruiter/Strategic Sourcing - Software & Security,ebukov@apple.com,,,
Lane,Thomas Aikin,Red Bull Media House,Technical Recruiter,lane.aikin@us.redbullmediahouse.com,775-343-5404,,
Chris,Schwacofer,Facebook,Sourcer,ChrisSch@FB.com,,,
Mike,Buckley,ASIC North,Recruiting Manager,michael.buckley@asicnorth.com,603-547-3816,,
Shane,Threatt,NVIDIA,Senior Recruiter,shane.linkedin@yahoo.com,,,
Chad,O'Connell,Facebook,Engineering Recruiter - Android / iOS,ochad@fb.com,,,
Ramya,Parthasarathy,Valiantica Inc,Recruiter / Human Resource Generalist,ramya.partha76@gmail.com,,,
Farri,Ouraie,Turn,Sr. Technical Recruiting Partner,farri@searchtechinc.com,,,
Kassie,Huderle,Amazon,Technical Recruiter,morenk@amazon.com,,,
~ Jan,Conti,Refer to Client List,Sr Technical Contract Recruiter / Staffing Consultant / Full Life Cycle / Sourcer / Strategist,sourcebeyond@yahoo.com,,,
Peter,Hayward,DigitalOcean (We're Hiring!),Sr. Technical Recruiter,phayward@digitalocean.com,,,
Joseph,Litvin,San Francisco or Oakland,Senior Technical Recruiter,josephlitvin@gmail.com,415.247.6340,,
Jessica,Max,Apple,Senior Technical Sourcing Recruiter (Contract),jmax@apple.com,,,
Linda,Trias,NVIDIA,"University Recruiter - Deep Learning, ML, AI",ltrias@nvidia.com,,,
Jennifer,Pittman,Randstad Technologies US,Technical Recruiter & Solutions Provider,jennifer.pittman@randstadusa.com,,,
Ed,Burns,"Cloudflare, Inc.",Technical Recruiter,ed@cloudflare.com,415-265-2036,,
Christina,Hepburn (Paredes),ViaSat Inc.,University Relations Recruiter,christina.hepburn@viasat.com,,,
Sonji,Mackey,Apple,Contract Recruiting -Hardware,smackey@apple.com,,,
Linda,Condon,Duo Security,Recruiting Consultant,lcondon04@gmail.com,,,
LeNard,Wiltz,Twilio Inc.,Senior Technical Recruiter / Diversity Advocate,LWiltz@twilio.com,(510) 415-2544,,
Missy,Purkiss,Intuit,"Senior Recruiter, Platform Engineering",missy_purkiss@intuit.com,,,
Minette,Licaros Kim,Criteo,Sr. Sourcer (Consultant),minette.licaros@gmail.com,,,
Derek,Mozley,Amazon,Senior Technical Recruiter,dmmozley@amazon.com,,,
Andrea,Nguyen,The Pursuit - A Lagree Fitness Studio,Instructor,andi.k.ng@gmail.com,,,
Melissa,MacLeod,salesforce.com,Talent Advisor,melissa.macleod@salesforce.com,,,
Fred,Bitter,Apple,Talent Acquisition,fbitter@apple.com,,,
Sarah,Wiemero,Apartment List,Lead Technical Recruiter,sarah@apartmentlist.com,,,
Ethan,Hoke,HomeAway.com,Technical Recruiter,ethanhoke@yahoo.com,512-924-5741,,
Rashmi,Singhal,Cisco,Talent Acquisition,rsingha2@cisco.com,408-747-9866,,
Trevor,Budge,Los Alamos National Laboratory,Sr Recruiter,tbudge@lanl.gov,505-665-4945,,
Matt,Birnbaum,UpStart Talent,Owner,birnbing@gmail.com,,,
Heather,Miyamoto,Techees,Senior Technical Recruiter,heather@techees.com,,,
James,Yon,Capital One,Recruiting Manager,james.yon@capitalone.com,,,
Beverly,Auton,Red Oak Technologies,Sr. Technical Recruiter (Employee),bev.auton@redoaktech.com,,,
Shaelyn,Carroll,StubHub,Talent Engagement Recruiter,shawest@ebay.com,,,
Leonel,Aquino,La Clínica de La Raza,Senior Recruiter,laquino@laclinica.org,510-337-9122,,
JJ,Hogan,Xilinx,Engineering Recruiter,jjhogan01@gmail.com,(650) 489-5197,,
Marisol,Santillan,Recruiting and Staffing,Technical Recruiter,marisolrecruiter@gmail.com,,,
Emily,O'Connell,Salesforce,Senior Technical Recruiter,eoconnell@salesforce.com,,,
Casey,Ryan,Gambit Technologies,Sr. Recruiter,casey@gambitny.com,,,
Luis,Saavedra,Amazon,Sr. Technical Recruiter,luissaav@amazon.com,,,
Natalia,Klikova,SWAYco,Sr. Recruiter,Natalia.Klikova@gmail.com,,,
Ranjeet,Singh,HCL Infosystems Ltd.,System Administrator,rananba1219@gmail.com,,,
Thomas,Rose,Unity Technologies,Senior Recruiter,teejrose@gmail.com,,,
Alex,Teplitsky,FICO,Senior Manager - Talent Acquisition,alexteplitsky@fico.com,,,
Scott,Arnold,Ticketfly,Head of Talent Acquisition,sarnold@ticketfly.com,,,
Ben,Verhoff,VMware,Senior Recruiter - Propel Engineering Program - University Talent,bverhoff@vmware.com,,,
Emily,Stanek,Uber,Technical Recruiter,emily.stanek@uber.com,,,
SETH,DAWSON,Node.io,Senior HR and Recruiting Operations Manager,sethjdawson@gmail.com,,,
Jen,(Giangrasse) Price,Salesforce,Senior Recruiting Manager,jen.price@salesforce.com,,,
Johnel,Ellison,"Skava, an Infosys company",Senior Technical Recruiter ,johnel@skava.com,925-558-5705,,
Matt,McBride,Facebook,Sr. Technical Recruiter (Engineering),mattmcbride@fb.com,,,
Carl,Welch,Red Oak Technologies,Sr. Technical Recruiter,geeeman@gmail.com,,,
Asim,"Taher, CIR",Visa,Senior Technical Recruiter,asimworkemail@gmail.com,,,
Matt,Coin,Google,Technical Staffing Manager,mattcoin@gmail.com,,,
Radhika,Aggarwal,Riverbed Technology,Senior Technical Recruiter,radhikaag1@yahoo.com,,,
Ron,Propst,Matisia Consultants,"Principal Recruiter, Technology",ron.propst@matisia.com,,,
Faizan,Ahmed,Talent Table,Senior Technical Recruiter,faizan_star_007@yahoo.com,,,
Meghana,Kantharaj,Indiana University Bloomington,Research Assistant,meghana.kantharaj@gmail.com,,,
Deepika,Bajpai,Intel Corporation,Software Engineer,dbajpai@iu.edu,,,
Katy,Amaya,Facebook,"Technical Recruiting Lead, Connectivity Labs",kamaya@fb.com,,,
Jessica,Thomson Stutes,VMware,Recruiting & Staffing Services,jthomson@vmware.com,,,
Ed,Blom,MZ,Senior Technical Recruiter,eblom@mz.com,,,
Owen,Byron,Apple Inc,Technical Recruiter,obyron@apple.com,,,
Saloni,Sharma,,,saloni24sharma@gmail.com,,,
Daniel,Parrillo,CardinalHire.com,Lead Technical Recruiter,daniel@cardinalhire.com,,,
Becki,Wallace,MathWorks,Senior Corporate Technical Recruiter,Becki.Wallace@MathWorks.com,508-647-3506,,
Chris,Shaw,Apple,Technical Recruiting Sourcer,chris_shaw@apple.com,,,
John,Cronin,Imgur,Lead Technical Recruiter,johnc@imgur.com,,,
Chaithanya,E,VCIT Solutions Inc,Sr.Training Co-Ordinator,chaithanya.e16@gmail.com,,,
Michael,Estrella,Citadel LLC,Talent Acquisition,Michael.Estrella@citadel.com,,,
Michael,Maxfield,Pandora,Sr. Technical Recruiting Consultant,mmaxfield@pandora.com,801-201-3062,,
Jeff,Ruben,Skyrocket Ventures,Tech Recruiter,jeff@skyrocketventures.com,650-494-3400,,
Ishan,Shah,Securonix,Jr. Software Engineer,ishanshah92@yahoo.com,,,
Bobby,Burse,Barracuda (NYSE: CUDA),Technical Recruiter,bburse@barracuda.com,408-896-8523,,
Stephen,Hamilton,Intuit,"Lead Technical Recruiter: (Platform, Microservices, Cloud, SaaS, & PaaS)",steve_hamilton@intuit.com,408-888-8589,,
Jenny,Simmons,GlassPoint Solar,Technical Recruiter,jennytsimmons@icloud.com,,,
Toney,Shea,EMC,Senior Techical Recruiter,toney_shea@yahoo.com,,,
Floyd,Clark - SPHR,NVIDIA,Sr. Technical Recruiter ,floydclark@hotmail.com,,,
Tyler,DeShazer,Twilio Inc.,Technical Recruiting Manager,tdeshazer@twilio.com,,,
Dennis,Eckert,Intel,Engineering Recruiter for NSG - PDO,dennis.eckert@intel.com,,,
Marcus,Mackey,Dropbox,Technical Recruiter,mackey@dropbox.com,,,
Christopher,Oaks,Robert Half Technology,Metro Market Manager,chris.oaks@rht.com,,,
Karen,Whyte,Glassdoor,Senior G&A Recruiter,kwrecruit00@gmail.com,,,
Jamie,Koblinski,Boingo Wireless,Technical Recruiter,jkoblinski@boingo.com,,,
Andy,Myers,LinkedIn,Technical Recruitment,amyers@linkedin.com,,,
Brian,Wrona,ViaSat Inc.,Talent Acquisition Recruiter,bswrona@gmail.com,,,
Charles,Davis IV,QualStaff Resources,Recruiter,charles@qualstaffresources.com,858.450.4290,,
Suzanna,Gagnier,"Xtreme Consulting Group, Inc.",Consultant onsite @ Facebook,suzannag@fb.com,,,
Justin,Farley,Airbnb,Engineering Recruiter,justin.farley@ext.airbnb.com,,,
Dorian,McGarry (CIR) (CSMR) (PRC),Amazon,Technical Recruiter,dmcgarry@amazon.com,,,
Steve,Curran,Apex Staffing NY,Recruiting Manager ,scurran@apexstaffingnyc.com,,,
Brian,Mitchell,Tesla,Team Lead - Staff Engineering Recruiter,brmitchell@teslamotors.com,,,
Robert,McCarrie,"Reddit, Inc.",Senior Technical Recruiter,robert.mccarrie@reddit.com,,,
Jeff,Branscombe,Apple,Technical Recruiter,jbranscombe@apple.com,,,
Christopher,de los Reyes,Facebook,"Recruiting Coordinator - Building 8, Facebook",chris.delosreyes@gmail.com,,,
Nabil,Khatib,Facebook,Recruiter at Facebook,nabilkhatib@fb.com,,,
Pramesh Shah -,(Let's Connect),Panamax Inc.,Sr. HR Executive,pramesh.shah@panamaxil.com,,,
Sean,Cawley,Uber,Recruiting Coordinator,seancawley35@gmail.com,7088994313,,
Danielle,French,VMware,Recruiter - University Talent,dfrench@vmware.com,,,
Marsha,Gehant,Sabre Corporation,University Program Manager,Marsha.Gehant@sabre.com,6125986912,,
Elizabeth,Douglass,CVS Health,Lead Recruiter- Talent Acquisition Team,Elizabeth.Douglass@sevensteprpo.com,,,
Greg,Dugan,PlayStation,Staff Recruiter,Greg.Dugan@am.sony.com,,,
Maggie Robinson-,Servellon,Symantec,Senior Technical Recruiter,maggierecruits@gmail.com,,,
Matt,Rudolph,Tesla,Associate Manager - Recruiting - Energy and Embedded Software,mrudolph@teslamotors.com,,,
Stacey,Kubler,Citrix,University Recruiter,stacey.kubler@citrix.com,,,
Lauren,Miller,Qadium,Senior Technical Recruiter,lauren.miller@qadium.com,,,
Narz,D.,Volt,technical recruiter,ndost@volt.com,,,
Danielle,Joyce,Intel Corporation,ProActive Talent Solutions- Technical Recruiter,danielle.e.joyce@intel.com,,,
James,Lin,Tintri,Sr. Recruiter,jlin@tintri.com,,,
Ashley,Griffiths,MaxPoint,Recruiting Lead,ashley.griffiths@maxpoint.com,,,
Reid,Smetzer,Tesla,Engineering Recruiter,rsmetz01@gmail.com,,,
John,Debkowski,Yahoo,Campus Recruiter,johndebkowski@gmail.com,,,
Josh,Peters,Google,Technical Recruiter (Bay Area SWE & SETI Team),jopeters@google.com,,,
Arianna,Fota,Facebook,Recruiter - Partnerships,arianna.f@fb.com,6508224871,,
Jesse,Robinson,Netflix,Recruiting,jesser@netflix.com,,,
Ashley,Barnes,Amazon,Sourcing Recruiter - Global HR Services ,ashlbar@amazon.com,214-597-7778,,
Richard,Garcia,Tesla,Senior Technical Recruiter,rgarcia6@solarcity.com,,,
Molly,Starkey,Amazon,Technical Recruiter,mfstarkey@gmail.com,,,
Dipika,Bandekar,Indiana University Bloomington,Teaching Assistant,dipiband@iu.edu,8123498960,,
Mohita,Bhatnagar,Yahoo! Inc. ,Technical Recruiter,mohitab@yahoo-inc.com,,,
Melissa,Lorenzen Smith,Indiana University Kelley School of Business,Interactive Designer,mlorenze@indiana.edu,,,
Sreya,Chakrabarti,LexisNexis Risk Solutions,Research Intern,sreyachakrabarti@yahoo.in,,,
Anwesha,De,Kelley School of Business at Indiana University,Doctoral Candidate,anweshade.87@gmail.com, +18129551607,,
Dhananjayan,Santhanakrishnan,Ira A. Fulton Schools of Engineering at Arizona State University,Summer Intern at Cyber Socio Intelligence Systems Laboratory,sdjcse1@gmail.com,,,
Vishrut,Bhatawadekar,Indiana University Bloomington,Analytics & Systems Analyst Intern,viishrut@gmail.com,,,
Suman,Gaonkar,Visa,Sr. Software Engineer,suman.gaonkar4@gmail.com,,,
Aaron,Kim,Amazon.com,"Technical Recruiter, World Wide Advertising - BizDev",KimAaron@Amazon.com,,,
Tracy,Ellis,IndyDevGuy.com,Owner,contact@indydevguy.com,,,
Manan,Papdiwala,Indus Valley Partners,Software Engineer,manpapdi@indiana.edu,,,
Gaurav,Derasaria,,,gauravderasaria@gmail.com,,,
Ninad,Bandodkar,Indiana University–Purdue University Indianapolis,Security Engineer,ninadbandodkar@gmail.com,,,
Ankur,Vatsa,Jolly clothiing co,Director,jollyclothing@ymail.com,9988533757,,
Sharik,Purkar,"Tott Labs, LLC",Data Scientist,Sharik.purkar@gmail.com,,,
Anthony,Delgado,Fownders,CTO,linkedin@anthonydelgado.me,2018758684,,
Manish,Maithani,Tata Technologies,Solution Developer,manishmaithani63@gmail.com,,,
Sai Kumar,Manapragada,Ambition In Motion,Software Engineer Intern,saipardhu147@gmail.com,609-906-6336,,
Yujie,Wu,Arizona State University,Math & Physics Tutor,cswuyujie@163.com,,,
Ashutosh,Malvankar,Distance Learning Systems,Web Developer,ashutosh.malvankar@yahoo.in,,,
Burde Prerana,Kamath,Indiana University Bloomington,Summer Research Intern,preranakamath4@gmail.com,812-9551678,,
Rohil,Bansal,Amdocs,Software Developer,rohilbansal@hotmail.com,,,
Shubham,Kumar,Infosys,System Engineer,shubhamkumar007@gmail.com,,,
Sahil,Kadam,Amazon Web Services,Software Developer Engineer Intern,sahilkadam111192@gmail.com,,,
Shruthi,Ramakrishnan,Sivisoft,Programmer Analyst Intern,shruthi2811@gmail.com,,,
hitender,prakash,Adobe Systems,Lead Software Engineer,prakashhitender@gmail.com,,,
Rashmi,Kumari,Dell EMC,Software Engineer,rbharadwaj06@gmail.com,,,
Wenxuan,Han,"Dalian Actech Co., Ltd",Intern Research & Development Assistant,han105330@gmail.com,,,
Bhavik,Thakkar,Indiana University Bloomington,"Project Manager Assistant, University Information Technology Services",bhavikt0@gmail.com,812-955-1699,,
Utkarsh Kumar,Singh,National Informatics Center,Summer Trainee,utksingh@iu.edu,8129551508,,
Kamalanathan,Sogathur Govindan,Autodesk,Machine Learning Intern,kamalsogathur@gmail.com,,,
Dhaval,Niphade,The LINGUIST List,Research Assistant,dhaval22niphade@gmail.com,,,
Stephen Paul,Adithela,Indiana Geological Survey,Web Developer,stephenpaul2727@gmail.com,8129551395,,
Sachin,Mittal,Infosys,QA Test Engineer,mschn69@gmail.com,,,
Vikrant,Sharma,Asahi India Glass Limited (AIS),Design And Development Engineer,vikrant1591@gmail.com,9882244662,,
Nick,Jenliffe-Smith,Grant Thornton LLP,Lead Penetration Tester,nicksmith01uk@gmail.com,,,
jujhar singh,sidhu,Infosys,System engineer,jujhar0164@gmail.com,,,
Diyan,Simeonov,,,diyan_simeonov@yahoo.com,,,
John,Sonmez,Simple Programmer (http://simpleprogrammer.com),Owner,john.sonmez@gmail.com,,,
Jason,Garrison,Bad Gorillas Computer Repair,Computer Repair Technician,badgorillas@outlook.com,812-329-4349,,
Chandan,U,"world well being project, University of Pennsilvaniya",Research Assistant (data scientist),chandan.uppuluri@gmail.com,6827123465,,
Satya Pravas,Nanda,Global Touchpoints Inc.,Talent Associate,pravasnanda.n93@gmail.com, +1 916 846 9214,,
Akshada,More,Tata Consultancy Services,System Engineer,akshadamore91@gmail.com,,,
Liping,Sun,,,lipsun@umail.iu.edu,,,
Rupesh,Soni,University at Buffalo (UB),Graduate Student,rupeshso@buffalo.edu,,,
Laxmi Bhavani,Malkareddy,Cerner Corporation,Software Engineer,laxmibh.malkareddy@gmail.com,,,
Abhinav,Gupta,"Sanjeev Bimla & Associates, Chartered Accountants",Partner,caabhinav9@gmail.com,,,
Angad,Dhillon,Nucleus Software,Assistant Software Engineer,angaddhillon421@gmail.com,,,
Deepak,Kumar,Vitrana,Senior Software Engineer,imdeepakkbhatia@gmail.com,,,
Pravalika(Denise),Meddella,Cloud BigData Technologies Group,Resource Delivery Specialist,pravalika.cbd@gmail.com,,,
Harika,Maduri,Cloud BigData Technologies Group,Bench Sales Recruiter,harikamaduri.cbd@gmail.com,,,
Madrina,Thapa,UITS Leveraged Services,Software Engineer Intern,madrinathapa.rs@gmail.com,,,
Saif,Ahmed,Indiana University Bloomington,Teaching Assistant,syedsaifahmed29@gmail.com,,,
Ishita,Ganjoo,Indiana University Bloomington,Associate Instructor,ishitaganjoo@gmail.com,,,
Bhargava Sharma,Vadlamani,Target,Data Science Engineer Intern,bhargava15@yahoo.com,,,
Prateek,Srivastava,Center For Research In Extreme Scale Technologies,Research Assistant,prateek22sri@gmail.com, +1 (513) 913-2307,,
Emma,Bounty,Amazon,Technical Recruiter,ebbounty@amazon.com,,,
Gautham,Sriman,Cerner Corporation,Software Engineer,gauthamsriman@gmail.com,,,
Nikhil,Chopra,DuPont Pioneer,Software Developer Intern,nikhilchopra60@gmail.com,,,
Britta,Dance,Amazon,Technical Recruiter,bdance@amazon.com,,,
AJ,S. Bai,Sher and Associates LLC,Tax Intern,takojay6@gmail.com,,,
Brahmendra Sravan,Patibandla,Indiana University Bloomington,Associate Instructor,pbskumar@live.com,,,
Mohanpreet,Singh,,,mohanpreet_singh@infosys.com,,,
Damanjit,Attwal,Infosys,Technology Analyst,daman88_attwal@yahoo.co.in,,,
Sumeet,Singh,GE Transportation,Software Engineer,sumeet_singh871@yahoo.com,8159957704,,
Yash,Ketkar,Cerner Corporation,Software Engineer,yashketkar@hotmail.com,,,
Ashish,Arora,Infosys,Technology Analyst,ashish8642arora@gmail.com,,,
Steven,Lin,workRethink,Web Consultant ,slin460@gmail.com,,,
The Top B ,Schools,The Top B Schools,Initiator,thetopbschools@gmail.com,9023597999,,
Rohit,Dandona,BMK Solutions LLC,Data Scientist,rohitdandona@gmail.com,,,
sachin,vashisth,Viral Web Tech,Email Marketing Executive,marketing@viralwebtech.com,,,
Vivek,Gupta,Bloom Insurance Agency,Software Developer Intern,keviv202@gmail.com,2606369580,,
Sameedha,Bairagi,Bloomberg LP,Software Engineer,sameedhabairagi.04@gmail.com,,,
Kolli,Vandana,Indiana University Bloomington,Associate Instructor,vandanak24@gmail.com,,,
Abhishek,Naik,Tata Consultancy Services,Systems Engineer,ahnaik@indiana.edu,,,
Arpit,Khandelwal,Indiana University Bloomington,Associate Instructor,khandelwalarpit92@gmail.com,,,
Rohith,Nedunuri,Media Systems,Software Engineer,rohithnedunuri@yahoo.com,,,
Rahul,Velayutham,Zebra Technologies,Software Engineer,rahul.vela@gmail.com,8123695418,,
Shree Harsha,Sridharamurthy,Americaneagle.com,Developer,sridhash@iu.edu, +1 812 349 8449,,
Karthik,Vegi,Swanson Health Products,Advanced Analytics Intern,karthikvegi@outlook.com, +1-812-369-6607,,
Gurjot,Singh,ALSTOM,Design Engineer,gurjotbhatia23@gmail.com,,,
Jaidev,Yekkar Dinesh,Infosys,Senior System Engineer,jyekkard@umail.iu.edu,,,
Priyanka,Cherukuri,Indiana University,Associate Instructor,cpriyanka18@gmail.com,,,
Srikanth,Holavanahalli,Cerner Corporation,Software Engineer,srikanth.holavanahalli@gmail.com,,,
milind,makhamle,Amazon Web Services,Software Developer Internship,milind.makhamle@gmail.com,,,
Gaganpreet Singh,Hundal,Purdue University,Graduate Research Assistant,hundalgags@yahoo.com,,,
Konika,Prasad,Infosys,Associate Consultant,konikaprasad@gmail.com,,,
Nikilesh,Chilkuru,Research Center Imarat,Intern,nikhileshkarthik7@gmail.com,812-361-7568,,
gurunatha,reddy,,,gurunathareddy03@gmail.com,,,
Vikrant,Kaushal,Indiana University,Associate Instructor,vkaushal@indiana.edu,812-361-9322,,
Hemant,Pandey,Amazon,Software Development Engineer,pandeyh@umail.iu.edu,,,
Bhavesh,Reddy,,,bhaveshxvera@gmail.com,,,
Abhay,"Grover, CSSGB",Hagie Manufacturing,Quality Engineer,march7abhay@gmail.com,,,
ramya,immanuel,"Nemo IT Solutions, Inc",HR Recruiter,ramya.immanuel777@gmail.com,,,
mohit kumar,bansal,Infosys,Senior System Engineer,mb59580@gmail.com,,,
Kaitlyn,Yoder,Indiana University Bloomington,"Associate Director of Career Services, School of Informatics and Computing",kaitlyn@indiana.edu,,,
Manpreet,Singh,Infosys,Senior System Engineer,manprithanda@gmail.com,,,
Adarsh,Bhandary,,,adarshnb95@gmail.com,,,
Anurag Kumar,Jain,Tata Consultancy Services,Software Engineer,jainanur@iu.edu, +18123690624,,
Gagandeep,Singh,Cyberinfrastructure for Network Science,Software Developer,whg_27@yahoo.com,812-671-1941,,
Zakaria,Bin,Ministry of Higher Education Malaysia,Senior Lecturer,abdrazak@iu.edu,,,
Eagle Square,consulting Services,"SR Nagar, Hyderabad",Eagle Square Consulting Services ,hr@eaglesquareconsulting.com,,,
John,roy,PVK Corporation,Talent Acquisition Specialist at PVK Corporation,vvkrishnareddy.opt@gmail.com,,,
Ranjeet,singh,Infosys,Java Developer,ranjeet.ucoe@gmail.com,,,
Nitin,Ramsinghaney,Max Speciality Films Limited,Project Engineer,nitin.ramsinghaney@yahoo.com,8968794919,,
Eldho,Mathulla,Genesys,Devops Cloud Engineer Intern,eldhomathulla@gmail.com,,,
Saurabh,Agrawal,"Onera, Inc.",Software Engineer Intern,saurabhagrawal0412@gmail.com, +1 812-369-1924,,
Naveen,Bhardwaj,KAYS HARBOR TECHNOLOGIES PVT LTD,Technical Analyst,er.naveenbhardwaj@gmail.com,,,
Raakesh,Premkumar,Indiana University Bloomington,Associate Instructor,raakeshvicrak@hotmail.com,,,
Aaditya,Arigela,Tata Consultancy Services,Software Engineer,a.aaditya991@gmail.com,,,
Harshdeep,Kaur,NSF Center for Integrated Pest Management,Java Developer Intern,hkaur4@ncsu.edu,,,
Stanley,Gomes,HDFC Limited,Assistant Manager,gstanley24@gmail.com,,,
Mohit,Saraf,Tech Mahindra,Software Engineer,Sarafm@umail.iu.edu, +14699887540,,
Mihir,Thatte,GlobalNOC,Systems Engineer Intern,mihir.m.thatte@gmail.com, +1(812) - 325 3037,,
Gurleen,Dhody,Indiana University Bloomington,Assistant Instructor,gurleen.singh.gsd@hotmail.com,8123698235,,
Damandeep Singh,Sohi,"Infosys Ltd, Chandigarh",QA Tester,dmnsohi@gmail.com,,,
Vinita,Boolchandani,Tata Consultancy Services,System Engineer- Technical Lead,vinitaboolchandani@gmail.com,,,
shreya,behal,Wipro Infotech,Software Engineer,shreyabehal5@yahoo.co.in,,,
Geetanjali,Bhagwani,I-Link Infosoft Consultants Pvt. Ltd.,Internship,bhagwanigeetanjali@gmail.com,,,
Nikitha,Chettiar,Infosys,System Engineer,nikithauc@gmail.com,,,
Govind,Mishra,e-Pragatee IT Solution Pvt.Ltd,Java Software Developer Intern,govindmishra2793@gmail.com, +18123681445,,
Rerajitha,Mittai,Accenture,Software Analyst,rerajitha@yahoo.com,,,
Sagar,Vora,University Information Technology Services at Indiana University,Technology Center Consultant,vorasagar7@gmail.com,,,
Sahil,Luthra,InfoSys Ltd.,Senior System Engineer,sahil.luthra1990@gmail.com,,,
Pratik,Jain,PayPal,Software Engineer Intern,pratikjain1104@gmail.com, +18123690652,,
Varun,Dua,Infosys,Test Analyst for Capital Group,varundua88@gmail.com,,,
Sandeep,Sidhu,"Hyundai Heavy Industries,S.Korea",Senior Engineer,sidhusandeep96@gmail.com, +821025205645,,
Jash,Jhaveri,Kelley School of Business at Indiana University,Web Developer,jashjhav@iu.edu,6462070572,,
Pratik,Sanghvi,American Tower,Software Engineer,pratiksanghvi30@gmail.com, +1 812-349-8973,,
Mohit,Galvankar,Indiana University School of Informatics and Computing,Teaching Assistant (Design and Development of an Information System I494),mgalvankar@gmail.com,812-272-1164,,
NIDHI,SHAH,Infosys,Senior System Engineer,nidhi_shah2310@yahoo.com,,,
Debasis,Dwivedy,Indiana University,Associate Instructor,dwivedy.debasis@gmail.com,,,
AVINEET,KAUR,Dayforce,Application Specialist,arora.avineet27@gmail.com,6472160721,,
Hardil Aziz,Singh,Infosys,Associate Consultant,Hardilazizsingh.ubs@gmail.com,,,
Snehil,Vishwakarma,Indiana University Bloomington,Research Assistant,snehvish@umail.iu.edu, +1-8622150108,,
Harsha,Phulwani,Amazon,Intern,harshaphulwani16@gmail.com,8123690673,,
Mehak,Goyal,Bentley Systems,Business Analyst Intern,mehak671@gmail.com,,,
Abhishek,Mehra,"Expedia, Inc.",Software Development Engineer,abhishek.mehra111@gmail.com,6124437027,,
Tanvi ,Shetty,Infosys,Senior System Engineer,tanvi0005@gmail.com,,,
Arpit,Bajpai,Scientific Games,Senior Software Engineer,arpit1506@gmail.com,,,
Nishank,Sood,Infosys,Technology Analyst,nishank.999@gmail.com,,,
Gurjeet,Singh,Infosys,Test Engineer,gspreet39@gmail.com,,,
Nitin,Babbar,Infosys,Technology Analyst,nitin.babbar23@gmail.com,,,
Baljit,Dhanjal,Accenture,Software Engineer,baljitdhanjal@gmail.com,,,
Sirshak,Das,ARM,Design Engineer,sirshakdas@gmail.com,,,
Karan,Lamba,Discover Financial Services,Senior Associate,lambak@umail.iu.edu,,,
Mangirish,Wagle,IBM,Software Engineer,vaglomangirish@gmail.com, +91-9860715930,,
Aritra,De,Indiana University Bloomington,Associate Instructor,aritra90tnp@gmail.com,,,
Noopur,Vashist,Infosys,Senior System Engineer,noopur_1589@yahoo.co.in,,,
Neha,Gawri,Tetra Pak,IT Analyst,nehagawri@yahoo.com,,,
Nikhil,Sood,SVKM's Narsee Monjee Institute of Management Studies (NMIMS),"Sports Secretary, Student Council, SBM",nikhilsood91@gmail.com,,,
Rishabh,Monga,PayPal,Software Engineer Intern,rishabh098@gmail.com,7406163272,,
Vikram,Soni,Infosys,Engineering Analyst,vikram18singh@gmail.com,9535764100,,
Arvind,Sharma,Infosys,"Technology Analyst (SAP-ABAP Technical Consultant, SAP-MM Functional Consultant)",arvindsharma003@gmail.com, +919527242683,,
Vishavdeep,Singh,Syntel,Prorammer (Senior Level),vishav0105@gmail.com,8446339093,,
Aamish,Garg,Deloitte India,Associate,aamishgarg@gmail.com,08387911312,,
Akshay,Mehta,EXL,Senior Business Analyst,akshay90mehta@gmail.com,,,
Amandeep,Singh,Newgen Software Inc,Senior Executive - Business Development (Canada & US Region),amandeepsingh51190@gmail.com,,,
nitika,verma,Infosys,Senior System Engineer,verman89@gmail.com,,,
Munish,Jindal,Amdocs,Subject Matter Expert,m.j.munishjindal@gmail.com,9552504663,,
Rasnam,Brar,Infosys,Senior System Engineer,rasnam.kaur@yahoo.com, +1(647) 573-7600,,
Ranjot,Walia,Infosys,Senior Systems Engineer,ranjot.walia@gmail.com,,,
Yatindra,Gupta,Infosys,"Account Anchor, Multiple Accounts",yatindra.gupta@gmail.com,,,
Ashish,Batra,Carlson Analytics Lab,Data Science Intern ,Batra022@umn.edu,,,
Nitish,Prashar,FIS,Software Test Analyst,nitishprashar89@gmail.com, +917769968743,,
Shaifali,Saharan,Infosys,Senior System Engineer,shaifalisaharan@gmail.com,,,
Rakesh,Singh,Punjabi University,Assistant Professor,rksinghrajput3@gmail.com,,,
Simrandip,Singh,GE Power,Lead Engineer,simrandipsingh@gmail.com,8826572233,,
Anshul,Gupta,PolicyBazaar.com,iOS Developer,g.anshul21@gmail.com,09780708976,,
nidhi,singh,Tata Communications,Network Engineer,nidisingh26@gmail.com,,,
Ankit,Sharma,Art of Living,Faculty,ankit622214@gmail.com,,,
Raghav,Sethi,Infosys,Senior Software Engineer,sethiraghav23@gmail.com,,,
Gagandeep,Singh,L&T Hydrocarbon engineering,Assistant Manager,gagan.ubhi@gmail.com, +91-8360766855,,
Anish,Kumar,JK Technosoft Limited.,Associate System Administrator,anishkumar599@yahoo.in,8002217486,,
VARINDERPAL,SINGH,"1.	CSIR-CSIO Chandigarh, India                                                                      ",Trainee,varinderpalsingh1011@gmail.com,,,
Ajay,Mittal,EY,Analyst,ajay36mittal@gmail.com,09911126036,,
Aavesh,garg,OATI,Associate Business Analyst,aavesh04@gmail.com,,,
Rohit,Pathak,Danieli Corus,Mechanical Engineer,rohitpathak468@gmail.com,08802455050,,
Farooq,Syed,Tata Consultancy Services,SAP Basis Administrator,syedfarooq24@gmail.com,9959523221,,
Tanvi,Gupta,TD,Measurement Solution Analyst,20.tanvigupta@gmail.com, +1 6476466800,,
Simarpreet,Singh,EdgeVerve Systems Limited,Systems engineer,simarpreet.singh8790@gmail.com,9464510350,,
Vishal,Gupta,Infosys,Systems Engineer,vishalguptaaz121@gmail.com,,,
Gagandeep,Sharma,CB&I,Procurement Engineer,gagandeep3124@gmail.com,9871676764,,
pankaj,dhingra,Microsoft India,Engineer,pdpankajdhingra@gmail.com,,,
Robindeep,Sandhu,Infosys,System Engineer,sandhurobindeep@gmail.com,,,
Sehaj,Chawla,Limelight Platform,Product Manager & Lead Mobile Developer,sehaj@me.com,,,
Ravneet,Singh,Deloitte India (Offices of the US),Business Technology Analyst,ravneethappy@gmail.com,,,
Rishi,Lehar,Infosys,Technology Analyst,rishilehar@gmail.com,,,
Habeeb,Ul haq Md,Infosys,Technology Analyst,mdhabeebulhaq@gmail.com,,,
Sanif,Maredia,Infosys,Software Developer,sanifmaredia111@gmail.com,,,
Sumit,Vadhera,Infosys Technology Limited,Senior System Engineer,sumitvadhera63@gmail.com,9041396609,,
Gurpreet,Smagh,Capgemini,SAP Consultant,gurpreetsmagh11@gmail.com,7757006988,,
Dr. Kulwinder,Singh Malhi,Punjabi University Patiala,Associate Professor,ksmalhi@rediffmail.com,9501010341,,
Tarinder,Singh,Dresser-Rand Company,Global Supplier Quality Engineer,er.tarinder@gmail.com,9739057249,,
Arshdeep,Singh,Infosys,Senior System Engineer,singh.arshdeep90@gmail.com,,,
Kamaljeet,Kainth,GNA University,Assistant Professor,kainth108@gmail.com,,,
Dhruv,Malhotra,Infosys,Senior System Engineer,dhruv.m0390@gmail.com,,,
Aman,Deep,,,aman03033@gmail.com,,,
Harshit,Agarwal,ADP,Senior Member Technical,harsh1t@gmail.com,8390755779,,
Armaan,Goyal,ServiceNow,Technical Support Engineer,armaan.goyal@gmail.com,(716) 431-9772,,
Kunal,Garg,adidas Group,External IT Consultant,kunalgarg29@yahoo.com,,,
Abhishek,Garg,University of Iowa - Henry B. Tippie College of Business,Graduate Assistant,abhishek405126@gmail.com,3195125279,,
Arpit,Agrawal,"Quantiphi, Inc.",Decision Science Analyst (Data Scientist),arpitagrawal566@gmail.com,9821276964,,
Ashu Garg,Ğăŕğ«╝,PUNJAB & SIND BANK,Officer,gargashu100@gmail.com,,,
Avninder,Khangura,,,khangura90@gmail.com,,,
HANISH,GUPTA,"Panjab University,Chandigarh",Assistant Programmer,hanishgupta499@yahoo.in,,,
Mantinder,Malhi,Telesonic Networks Limited,Network Engineer (DSL /4G),malhi.1990@gmail.com,,,
Gourav,Sachdeva. ,FIS,Business Analyst - Level 2,gouravsachdeva36@gmail.com, +919780471590,,
Amol ,Pawar,You Broadband India Ltd.,Network Project Engineer,amoljpawar77@gmail.com,8888895865,,
Pushpendra,Singh,Infosys,System Enginer,pushp.007ucoe@gmail.com,,,
Avneet,Singh,IBM,HR Business Partner,avneet.almadhi@gmail.com,9015388166,,
Pure,9815227797,Infosys,Java Developer,himanshu730@gmail.com, +918968465995,,
Vishal,Sethi,Infosys Limited,Senior System Engineer,vishal.sethi.29@gmail.com, +4915166895049,,
Sepaldeep singh,Dhaliwal,"PEC University of Technology, Chandigarh",Senior Research Fellow,dhaliwal.sepal@gmail.com,9988909302,,
ChandanPreet,Punia,,,princepunia@gmail.com,,,
vipul,chohan,Microsoft,Consultant,vipulchohan9@gmail.com,9739795317,,
Karan,Sagoo,Teradata,"Software Engineer, Platform Engineering",karan.sagoo@engineering.ucla.edu,,,
saket,sharma,,,saketsharma.sharma@gmail.com,,,
Sumanpreet,Jhinjer,Infosys,Senior System Engineer,sumanpreet1076@gmail.com,,,
Kashish,Kathuria,ISGEC,Engineer,kashishkathuria7693@gmail.com,,,
Ashima,Malhotra,Tata Consultancy Services,Business Development Manager,amalhotra90@gmail.com,,,
Ashim,Nanda,GreenShout,Founder,ashimnanda19@gmail.com,,,
mohit,thareja,Infosys,Senior Technology Analyst,mohithareja91@gmail.com,,,
Harkirat,Ryait,GS Auto International Ltd,Chief Digital Officer ,ryait.harkirat@gmail.com,098152-80208,,
Muralidhar,Yaragalla,abc,Project Manager,yaragallamurali@gmail.com,,,
Pritam Kumar,Paul,Microsoft,Software Engineer 2,pritam_kumar_paul@yahoo.in,9538188044,,
Anmol,Juneja,Coleridge Group,Financial Analyst,anmol.juneja@asu.edu,6232990548,,
Neetu,Bijarnia,Talent Corner HR Services Pvt Ltd,HR Recruiter,neetu.bijamia@talentcorner.in,,,
Daljeet,Sinhmar,Altruist Technologies Pvt. Ltd.,Key Account Manager,mail.daljeet@gmail.com, +91 869 952 5782,,
Tekpreet,"Singh, EIT",Ahk Group Ltd. ,Project Coordinator,tekpreetsingh@yahoo.com,647-868-0563,,
Gavish,Sharma,Xchanging,Test Engineer,gavishvatsa@gmail.com,,,
jennifer,william,Talent Corner HR Services Pvt Ltd,HR Recruiter,jennifer.william@talentcorner.in,,,
Sahil,Mittal,Infosys,Technology Analyst,sahil.20890@gmail.com,9023614850,,
Maanvir,Sidhu,Presagia,QA Developer,maanvir_89@yahoo.com,5142975421,,
Peush,Garg,Hindustan Petroleum Corporation Limited,HR Officer,gargpeush@gmail.com,7045607346,,
Nikhil,Mittal,,,niksmittal11@gmail.com,,,
Rameshinderjeet,Singh Sohi,Infosys Limited Chandigarh,Senior System Engineer,rameshinderjeet@gmail.com,,,
kandhla,chandi,Brocade,Network Engineer,kandhlachandi@gmail.com,5107868931,,
Arjit,Heer,Virgin Galactic,Associate Structures Systems Operations Engineer,arjitheer@gmail.com,4259228460,,
PARDEEP,GOYAL,Central Board of Excise and Customs,Preventive Officer,pardeepgoyal90@gmail.com,,,
shammy,s,Toyota/Lexus,ERP Management,shammy.paul@gmail.com,,,
Tania,Cheema,,,taniacheema9@gmail.com,,,
Gagandeep,Singh,Tata Consultancy Services,Associate Software Engineer,singhgagan008@gmail.com,,,
shivangi,arry,Infosys Public Services,System Engineer,shivangi_arry@yahoo.co.in,,,
Arshdeep,Somal,Miracle Studios,Sr. Android developer,arshdeep_somal@yahoo.com,9780528442,,
Gagandeep,Virdi,Larsen & Toubro Limited,Assistant Manager,gagan.virdi@gmail.com, +919962700017,,
Jasbir Singh,Ryait,GS AUTO INTERNATIONAL LTD,Chairman,jasbir.ryait@gmail.com,,,
Anindya,Sarkar,Intel Corporation,Project Consultant,anindya.sarkar@asu.edu, +1-480-616-4249,,
Kamalpreet,Kaur,EY,Consultant,kamal.preet2009@gmail.com,,,
Aman,Kansal,InfoSys Ltd.,QA Test Engineer,aman_kansal@infosys.com,,,
Amanjot,Kaur,Infosys,"Member, Learning and Development",amanjot@live.in,,,
Varun,Gupta,Deloitte,Consultant,varun.corporate@gmail.com,,,
Sunil,Garg,Infosys,Systems Engineer,sonilgarg@gmail.com,,,
Kanik,Kwatra,Infosys,Senior systems engineer,kwatra.kanik@gmail.com,,,
Jasmeen,Kaur,Kotak Mahindra Bank,Manager- Cash Management Products and Services,jasb316@gmail.com,9872164416,,
Karanvir,Singh,Visionum Group - Be The Vision,Chief Consultant,karan.vir@outlook.com,8516800001,,
ਨੀ,ਲੈਜਾਣਾ,,,sahajpal.rohit@gmail.com,,,
Puneesh,Prasad,Taj Hotels Palaces Resorts Safaris,Assistant Sales Manager at The Taj Mahal Hotel New Delhi,puneesh.prasad@gmail.com, +919899640077,,
Neeraj,Malve,Elevati Infotech Pvt Ltd,Director,neerajmalve@gmail.com,,,
Gur Aman,Ghai,PolicyBazaar.com,Senior Analyst - Online Marketing (CRM),ace_9_18@yahoo.co.in,,,
Inderjeet,singh,University of Lille 1,PHD Researcher,inderjeetkharay@gmail.com,,,
Kanwarpreet,Randhawa,Microsoft,SDE II at Bing,rkanwarpreet@gmail.com,7736209916,,
Chihandeep,Singh,ITCOT Consultancy and Services Ltd,Senior Project Officer,chihandeep@gmail.com,,,
Manikaran,Singh,Wipro,Information Security Consultant,singh.manikaran209@gmail.com,7406004204,,
Nitin,Sethi,Infosys,Senior Systems engineer,nitin.sethi.8835@gmail.com,,,
Hemant,Mahajan,Google,Digital marketing strategist,hemantmhjn@gmail.com,,,
Mandeep,Sidhu,INDIAN RAILWAYS,Assistant Divisional Engineer,sidhumandeep96@gmail.com,,,
khushpreet,singh,,,bantymann007@gmail.com,,,
Manik,Hundgenn,BODMAS Studio & Consultancy,Managing Partner,manik.msh@gmail.com,8879174282,,
George,Goyal,,,georgegoyal96@gmail.com,,,
Harmohit,Singh,TransOrg Analytics,Analytics Lead,harmohitsingh@hotmail.com, +91-8527744300,,
Nitin,Ramsinghaney,"Max Speciality Films, A Business unit of Max India",Project Engineer,nitin999r@gmail.com,8699159419,,
Vikram,Bhullar,Infosys,System Enginner,Vikram.bhullar.9.9@gmail.com,9781648944,,
Harsh,Bansal,Baba Fattoosh,Co Founder & COO,bansal.harsh.85@gmail.com,,,
gagandeep,singh,,,," +919530961750, +911712664577",,
AV....,kAdE,,,er.avneet@gmail.com,,,
Aman,Ghai,,,ace_9_18@yahoo.co.in,,,
Guriqbal - ਮਿਲਦੇ,ਮਿੱਤਰੋ,,,candidguy.boy@gmail.com,,,
...,!!,,,gagan.virdi@gmail.com,,,
Hemant,Mahajan,,,hemantmhjn@gmail.com,,,
MesS,Rest-Akash,,,juneja.akash@gmail.com,,,
Jatt,docs,,,maneshwar9009@gmail.com,,,
Me>>>Offline,Over,,,sagoo.karan@gmail.com,,,
free,.....shishir,,,shishirshroff7@gmail.com,,,
Japinder,jit,,,sportyrupal@gmail.com,,,
,,,,jap.coolnick@gmail.com,,,
Vineet,Air,,,jainvineet51@yahoo.com,,,
J0BEN,GILL,,,joben0009@yahoo.co.in,,,
HARMOHIT,.,,,mohit307@gmail.com,,,
Present,!,,,shrayguptacute@gmail.com,,,
**$hRaVaN,2mrw\\,,,shravanbehal5@gmail.com,,,
Shounk,turna,,,singh6031@yahoo.com,,,
Hoping,f9.,,,mannat_padam@yahoo.co.in,,,
prachi,dutt,,,prachi2285@gmail.com,,,
Muskan,HURTS#*#*,,,muskan.mittal90@gmail.com,,,
**ArSh~E**,pUnJabI,,,arshdeep213@gmail.com,,,
Tarinder,Singh,,,bony_6548@yahoo.co.in,,,
(PUNNU),ਜਾਣਦੀ*,,,punnukhaira@gmail.com,,,
Oº°‘¨ĐΐvjO†,¨‘°ºO,,,divi_beckham@yahoo.co.in,,,
Kuldeep,....,,,kulgagan@gmail.com,,,
,harpreet,,,,"8968177797, +919878674330",,
avneet,singh,,,,09464529892,,
sepal,2,,,, +919803325796,,
kUsHaL,BaNsAl,,,kushal.kerry007@gmail.com,,,
,Vinay,,,,9888893262,,
,,,,placement.brs@gmail.com,,,
SAHIL,KAILEY,,,sahilkailey@gmail.com,,,
,Mum,,,, +919878270289,,
,Arsh,,,, +919878791761,,
,,Infosys,,Shailendra_gupta02@infosys.com,,,
Inder,......,,,inderjeetkharay@gmail.com,,,
"""archy.......",karo,,,archy_g@yahoo.com,,,
,Laden,,,,9781988412,,
Inder,E3,,,, +919780287687,,
,Dks,,,, +919742652038,,
ανηιη∂єя,кнαηgυяα,,,killeravi90@gmail.com,,,
Ashima,Malhotra,Infosys,System Engineer,,"088 05 826299, 084 27 257600",,
,Sepal,,,,9988909302,,
,Sitaram,Cook,,,084 21 973642,,
Akshay,Mehta,Infosys,,,"8146988024, 09901050294",,
jagdeep,dhindsa,,,jagdeep.dhindsa@yahoo.com,,,
,Kulkarni,Flat owner,,, +917588180088,,
ਗਗਨ, ---------!,,,"hundalgags@yahoo.com,gagxhundal@gmail.com",,,
Gaurav,soni,,,, +919914256266,,
,harshit,,,,,,
Charandeep,Randhawa,Infosys,System Engineer,,080 07 568727,,
,bhavuk,,,,9041124622,,
,dheeraj,,,,9041211157,,
,,,,rihanna_sweet_girl87@gmail.com,,,
,,,,reservations@vlr.goldenlandmark.in,,,
Ankit,Dugri,,,, +919779433442,,
Sahil,Mittal,,,,9417058155,,
varun,pandey,,,varunpandeyEC@gmail.com,,,
,avneet,,,, +918146811661,,
Nikhil,Mittal,,,niksmittal11@yahoo.com,,,
Gurbrinder,кнαιяα™,,,khahragurbrinder@gmail.com,,,
۝?ϋЙęĕt,⇝☻,,,puneetwalia@crazysexycool.in,,,
bhavesh,#$,,,bhaveshmakkar_89@yahoo.co.in,,,
,Jasjot,,,,9872009590,,
,BalanceEnquiry,,,,125,,
Mehak,2,,,, +91 98 05 577054,,
george,.,,,georgegoyal96@gmail.com,,,
Neha,Bameta,,,, +91 99 75 093075,,
,Joy,,,, +918054073214,,
,,,,reservation@vlr.goldenlandmark.in,,,
,malkeet,,,," +919569880057, +918699834491",,
,aavesh,,,, +919888537885,,
,,,,, +917814544136,,
**nItI$h,w@Y****,,,nitish_14@yahoo.co.in,,,
Harpreet,Kaur,,,," +918968177797, +918968177797, +911614647330",,
Rinku,Gym,,,,9914293575,,
Kanwarpreet,Randhawa,,,kanwarpreet90@gmail.com,,,
Mandeep,Singh,,,, +919410391530,,
PUNEESH,PRASAD,,,puneesh_287@yahoo.com,,,
Kamal,Coordinater,,,,"9803631513, +911725026826",,
кєѕнαν-,ησтнιηg,,,k.k90@rediffmail.com,,,
,Dilip,Cook,,,088 56 914582,,
Vipul,Goyal,,,, +919781086710,,
,Bhavna,,,,9538965642,,
,Ishwinder,,,,09815773210,,
,Nitin,,,, +919855364842,,
Sandhudavinder29@gma,Sandhudavinder29@gmail.com,,,Sandhudavinder29@gmail.com,,,
,ShiShir,,,,9098296600,,
Pankaj,Dhingra,,,,9417649397,,
Mandeep,cђคńcể,,,silentkiller.sidhu@gmail.com,,,
,Dad,,,, +919815915979,,
Ť@®ûП...,...,,,cute_tarun@yahoo.com,,,
Reservation-Blr,Reservation-Blr,,,reservation@blr.goldenlandmark.in,,,
,,,,ozoneindia@vsnl.com,,,
,soni,Infosys,System Engineer,,081 06 797221,,
Mandeep,Sidhu,,,,,,
himanshu,patiala........,,,himanshu730@gmail.com,,,
,Simar,,,,9888005582,,
,,,,gurvinder4884@gmail.com,,,
Nitin,Goyal,Infosys,System Engineer,,085 91 220448,,
bro,CN,,,, +918015618824,,
,Aditya,Infosys,System Engineer,,"‪+91 77 38 890118‬, 077 36 209916",,
,Balraj,,,,09463260457,,
Inder,Dhaliwal,,,inderdhaliwal2151@gmail.com,,,
,Madhuria,Infosys,System Engineer,,086 98 033661,,
raminder_singh59,,,,raminder_singh59@gmail.com,,,
Vikram,Bhullr,,,, +919567495872,,
Kanik,Home,,,,9988163588,,
Sahil,Luthra,Infosys,,, +919937624544,,
,Dikshant,,,,9888842903,,
Daman,Sohi,,,, +919538965395,,
Dep,Kirn,,,, +919541851306,,
Kanwar,Sidhu,,,,9872554814,,
VAS,Helpline,,,,1214,,
Abhi,E12,,,,9988206195,,
Bag,wala,,,,09972832908,,
Varun,Gupta,,,varun.vg.gupta@gmail.com,,,
Mandeep,Sidhu,,,sidhumandeep96@gmail.com,,,
,,,,,9779931728,,
,neha,,,, +918427003767,,
Pritam,Paul,,,pktheking.paul@gmail.com,,,
,Prince,,,, +918872788868,,
,,,,gate@gate.iisc.ernet.in,,,
Vaibhav,Ldh,,,,9779688588,,
,mangla,,,, +919888613369,,
Tanumeet,Kaur,Infosys,,, +919535799537,,
tania,u,,,taniacheema9@gmail.com,,,
Aryan,....,,,cdoomra@gmail.com,,,
Gagan,Virdi,,,, +91 99 20 220017,,
,,,,support@olx.in,,,
ABHITEJ,SIDHU,,,nobut_onlyjatt@yahoo.co.in,,,
@r$deEp,$oM@l,,,arshdeep_somal@yahoo.com,,,
Sandhu,Jaideep,,,,9646666889,,
,Pallavi,Infosys,,,07757820762,,
sahil,2,,,, +919041480108,,
,vp,,,, +919478766913,,
,,,,, +919039363071,,
harman,bera,,,,9417212006,,
guriqbal,singh,,,candidguy_joy@yahoo.com,,,
vipul,chohan,,,vipulchohan9@gmail.com,,,
,,,,antarpreet89@gmail.com,,,
,,,,zahid@inspireignite.com,,,
,Ghar,,,, +911612521552,,
ankush,ldh,,,, +919780696859,,
kuldeep,doco,,,,9041153538,,
,Peush,Infosys,,, +919591850921,,
Pankaj,Kumar,,,, +919464274607,,
,mannat,,,," +919988211420, +918146200848",,
Shanty,Aircel,,,,9803199172,,
,Mansa,,,, +919872189595,,
anubhav,laala,,,, +919653620920,,
rishabh,sharma,,,risk414@yahoo.com,,,
Kanwar,Randhawa,,,, +1 (773) 620-9916,,
simran,c2,,,,9814667518,,
~~sangeeta,~~~,,,sangeeta.sangy10@gmail.com,,,
,,,,shammy.paul@gmail.com,,,
,harmohit,,,,"08146104300, +91 85 27 744300",,
Nikhil,Mittal,,,, +919818359870,,
,Chahal,,,,9855979111,,
Pushpendra,pune,,,,07758040125,,
avneet,mysor,,,,09886328578,,
Dupinder,Gill,,,dupinder.gill31@gmail.com,,,
,,Infosys,,rohitkumar_kansal@infosys.com,,,
Noopur,Vashist,Infosys,Senior System Engineer,, +91 96 37 685835,,
,deals,,,,09219592195,,
Voice,Station,,,,55500,,
Harsh,Wla,,,, +919888884781,,
Mangalore,Ghansham,Infosys,,, +919481345632,,
,Puneesh,,,,9370314300,,
,Maninder,,,,9888547172,,
kamlajeet,kainth,,,,,,
Ranjeet,Singh,,,ranjeet.ucoe@gmail.com,,,
,Hundal,,,,9872406809,,
Hanish,Patiala,,,hanishgarg786@gmail.com,,,
Dass,Bo,,,, +919814506240,,
Ranjeet,Singh,Infosys,,, +917760256301,,
Sachin,Dugri,,,, +919780363894,,
,,,,android-support@whatsapp.com,,,
shishr,shrof,,,, +919855567303,,
,,,,rohitkansal14632@gmail.com,,,
,Sumeet,,,,‪+91 99 14 009276,,
Tushar,Saini,,,tusharsaini.9.com@gmail.com,,,
Sahil,Luthra,,,sahil.luthra1990@gmail.com,,,
Nikhil,mittal,,,,9463356783,,
kaati,g,,,, +918146083193,,
,Kamal,,,, +917696013691,,
AMRITPAL,@ਪਾਲੀ,,,amritpalsingh_pali@yahoo.com,,,
,,,,," +918939005950, +917798930803",,
......⎝◣_◢⎠........,★αвнιηαη∂нαη★,,,punjabi_yankee@yahoo.com,,,
//,///,,,ishwer90@yahoo.com,,,
sahil,luthra,,,,"09888573834, +919803803861",,
Arjit,Manipal,,,,9008420567,,
monikakalotra@gmail.,monikakalotra@gmail.com,,,monikakalotra@gmail.com,,,
,,,,rihanna@gmail.com,,,
HR,Helpdesk,Infosys,,,08095506913,,
GAUTAM,evil,,,bansal.gautam027@gmail.com,,,
,,Infosys,,Mohit_ERSPL@infosys.com,,,
Tanumeet,Kaur,Infosys,,, +919815305587,,
gaurav,soni,,,gsoni273@gmail.com,,,
Broket,Manoj,,,,09881304377,,
Himanshu,Mansa,,,,"9815227797, +919538970392, +918968465995",,
,,,,liangviolet520@gmail.com,,,
Harsh,Bansal,,,,9316979971,,
,Harsimrat,,,,,,
Kamalpreet,Kaur,Infosys,,,091 58 020002,,
Manikaran,Singh,,,singh.manikaran209@gmail.com,,,
,Varinder,,,,01612814371,,
Aman,Brar,,,,9465790918,,
,bro,,,,9876483283,,
,Manharsh,,,,9888756400,,
,Somil,,,,9417586586,,
Bal,Inquiry,,,,12527,,
pankaj,dhingra,,,p.pankajbhai@gmail.com,,,
Aman,deep,,,aman03033@gmail.com,,,
,Pushpendra,,,, +919417776238,,
,,,,help@snapdeal.com,,,
jasmeen,kaur,,,jasb316@gmail.com,"098 72 164416, +919872164416, +91 98721 64416",,
,,,,, +91 80 87 915805,,
Manager,Garg04,Infosys,,,09501009358,,
NITIN,SETHI,,,nitin.sethi.8835@gmail.com,,,
,sheenu,,,," +919463916663, +918559014020",,
,Kunal,Infosys,,,09886042210,,
,Mohna,Infosys,,,"09803669333, +919876887066, +919538966835",,
Gagandeep,Ubhi,,,gagans1ngh87@gmail.com,,,
,Saket,,,,"9888450110, +919646050110",,
,,,,rihanna_sweet_gurl87@gmail.com,,,
kanik,kwatra,,,, +919023683245,,
Gaganpreet,Kaur,,,gagan.baansal96@gmail.com,,,
╬♥,~`~$~♥╬«,,,shavi07@gmail.com,,,
,dean,,,,9417385002,,
"°ღ•√♪$ђυ°ღ""ur","senSe""",,,vishusingla007@gmail.com,,,
RAVNEET,SINGH,,,ravneethappy@gmail.com,,,
,,,,hello@lazyninja.in,,,
Customer,Care,,,,121,,
,Nw,,,,099 88 335077,,
zorawar,singh,,,zorawar90@yahoo.co.in,,,
Gaurav,M6,,,,9888893101,,
,Sanfam,,,," +919915156733, +919465132335",,
,Dj,,,,9781084126,,
Harshit,Ambala,,,, +918295569898,,
,RechargeMobile,,,,124,,
Ishita,Tomar,Infosys,,,086 00 678143,,
Vikram,Bhullar,,,,,,
,Malhi,,,,9815777052,,
►ਗੋਬਿੰਦਗੜ,▬╡ਰਮਨ╞▬,,,ramanmgg@gmail.com,,,
Infosys,Limited,Infosys,,offers@infosys.com,,,
,Shreya,,,, +919780503606,,
Abishek,Chabra,,,, +919464880565,,
,,,,no-reply@sonymobilemail.com,,,
ishwinder,sarao,,,sarao.jatt@gmail.com,,,
Amit,Tripathi,Infosys,Onsite Coordinator,,"073 87 091176, +49 151 66505121",,
Amanjot,Kaur,Infosys,System Engineer,,07769 056 280,,
,Gas,,,,01615014581,,
,arjun,,,, +919465639766,,
Bitu,G,,,,09216860630,,
,Akhilesh,,,,9023176677,,
Pushpendra,Singh,,,pushp.007ucoe@gmail.com,,,
,mehak,,,, +919779904919,,
Sepal,Home,,,,9888736312,,
Er.,sandhu,,,luckysandhu@hotmail.com,,,
harsh,bansal,,,"harshvb_85@yahoo.co.in,bansal.harsh.85@gmail.com",,,
,,Infosys,,Vishal_sethi@infosys.com,,,
Dialer,Tunes,,,,56500,,
,Saurabh,Infosys,,, +919538966094,,
KHUSH,.....,,,bantymann007@gmail.com,,,
,,Infosys,,offer_update@infosys.com,,,
Chiranjeev,Room,,,,9035451613,,
aAvEsH,gArG,,,aavesh04@gmail.com,,,
•๋ღ♪,♪ღ•๋,,,vikrantsevda@gmail.com,,,
LoBo,Mekhala,Infosys Pune HR,,,08605008608,,
Shivangi,Arry,Infosys,System Engineer,,"083 90 786342, +919465668863",,
,,,,guriqbal8181@gmail.com,,,
ChandanPreet,Punia,,,princepunia@gmail.com,,,
anterpreet89@gmail.c,anterpreet89@gmail.com,,,anterpreet89@gmail.com,,,
SOHI,.,,,hcsohi@gmail.com,,,
,,,,121@in.airtel.com,,,
Malhi,2,,,,9417741537,,
,,,,garg.gaurav42@gmail.com,,,
Rohit,Kansal,Infosys,,,"096 04 240159, 080 87 749004",,
,Shimla,,,,9218509225,,
somil,gautam,,,somilgautam2008@gmail.com,,,
,Balance,,,,*111#,,
۞$uMeet....,nOttOriou$$$.......,,,sumeetsingh.yaar@gmail.com,,,
varinder,gndu,,,, +917589070913,,
,Johal,,,, +919463351587,,
sourbh,garg,,,sgsourbhgarg@gmail.com,,,
airtel,offrz,,,,*222#,,
Vaibhav,Deli,,,,9711422673,,
,Saluja,,,,9779441114,,
,nee2,,,,9464530443,,
VaRuN,GuPtA,,,varun.gupta1990@yahoo.com,,,
Kavish,Gupta,,,r_o_c_k_wid_me@yahoo.com,,,
nitin,diploma,,,, +919915937096,,
Prasandeep,singh,,,prasan.ubhi@gmail.com,,,
Gurbaj,Gym,,,,9988068734,,
Ramesh,E12,,,,"8699270116, +917696680739",,
,bro,,,, +919464901720,,
,,,,Varinderpalsingh40@yahoo.com,,,
Ankit,Rana,,,rana.ankit90@gmail.com,,,
Kanik,Kwatra,,,neetustar2002@gmail.com,,,
,Bawa,,,,"09876366326, +919780898554, +918968455339",,
,rohitash,,,, +919915671420,,
,imroz,,,, +919417626011,,
,Arjit,,,, +918054900168,,
,Mogli,,,, +919478278787,,
Shailendra,Gupta,Infosys,Senior System Engineer,,075 07 030061,,
Gagan,Singh,,,singhgagan008@gmail.com,,,
,Abhishek,,,, +917357421501,,
,Rajat,,,,9465429644,,
SIMRAN,ਮਰਜਾਣਾ,,,sim.barn@gmail.com,,,
Rishu,love,,,kumarharish091@gmail.com,,,
Harsimrat,Harsimrat,,,Sharry780@gmail.com, +919888104762,,
Pavneet,Sachdeva,,,pavneet.singh.sach@gmail.com,,,
,,,,neeraj@bmcindia.org,,,
samant,ray,,,samant.15789@gmail.com,,,
Saket,Sharma,Infosys,,," +919783132007, +919538965286",,
massi,g,,,, +919827659591,,
,,Infosys,,elearning@infosys.com,,,
harsh1t@gmail.com,harsh1t@gmail.com,,,harsh1t@gmail.com,,,
Ashim,Nanda,,,ashimnanda19@gmail.com,,,
@nku$h,$ingla,,,singlaankush1040@gmail.com,,,
,thapa,,,, +919915206392,,
"Ch@h@l""sareef","""",,,khushi44553@gmail.com,,,
Vipul,Hostel,,,,9463586808,,
,Shravan,,,, +919650016688,,
,Randhawa,,,,"‪+1 773-620-9916, 9815746888, +919972398150, +918566963360, +91 8289 069 245",,
Raghav,Gupta,,,raghav_rockin@yahoo.co.in,,,
,,ICICI Bank Limited,,customer.care@icicibank.com,,,
Bro,Nashik,Shapoorji Palonji,,,07798930803,,
,Gagni,,,, +919907772729,,
,Driver,,,, +919845394817,,
,Swapnil,Hr,,,08550999403,,
Guneet,Babber,,,sonu_guneet@yahoo.com,,,
,Vikrant,,,, +91 95 01 367259,,
,Gopi,Infosys,,, +919538965335,,
Sahil,kailey,Infosys,,, +919538966594,,
,Ritesh,,,,"9463680724, +919418528098",,
ֶŜŭķħmâñ,Ðĥįĺĺốń☺,,,kewlgal_dhillon@yahoo.com,,,
Chihanੴ,.,,,chihandeep@gmail.com,,,
Rasnam,Kaur,Infosys,,,"08289058795, +919535764186",,
Ashim,Nanda,Infosys,System Engineer,,"098 15 353224, 083 90 977221",,
,virdi,,,, +919962700017,,
,Harmohit,,,, +918527744300,,
,Hitesh,,,,08095879671,,
«╬♥ℳŐℋℐŤ,perform,,,mohithareja91@gmail.com,,,
eye,doc,,,, +919876874122,,
Nitin,Bro,,,, +919915290974,,
prasandeep_singh@inf,prasandeep_singh@infosys.com,Infosys,,Prasandeep_Singh@infosys.com,,,
kamlajeet,kainth,,,kainth3131@gmail.com,‪+91 98726 62405‬,,
,,,,bakpackers@yahoogroups.com,,,
Manjeet,Sir,,,,9814507095,,
SatbIr-committed,life,,,singhsatbir11@yahoo.co.in,,,
Latest,Scheme,,,,1213,,
Nitin,Sethi,,,,9872268175,,
self,ring,,,,*140*1600#,,
~R@b!a..,FulLeStTT...,,,mylove_precious08@yahoo.com,,,
Kln,Dee,,,, +639185901196,,
Mandeep,Singh,,,," +919410391530, +91 94 10 391530",,
Parneet,Kaur,Infosys,System Engineer,,097 39 630956,,
Arjun,Thapar,,,thapar_arjun2006@yahoo.com,,,
•,ѕυι¢ι∂є,,,jasjot_khurana@yahoo.in,,,
εﺓзßђυℓℓ汉я♡,๒гคงƹђƹคг╬இ,,,nsbhullar@gmail.com,,,
,,,,msphd@iitmandi.ac.in,,,
gagan.ubhi@gmail.com,gagan.ubhi@gmail.com,,,gagan.ubhi@gmail.com,,,
Sepal,ਸਿੱਪਾ,,,dhaliwal.sepal@gmail.com,,,
Ritesh,Pawar,,,rishupawar1986@gmail.com,,,
yogi,22,,,,8054423604,,
vikram,bhullar,,,, +919041480112,,
,,,,rihanna_sweet_gal87@gmail.com,,,
mappy,g,,,,97339537943,,
,Vishu,,,,9781204006,,
,Sheetal,,,, +91 98 60 792178,,
Pankaj,Dhingra,,,pankajdhingra62@yahoo.com,,,
Ankush,Mansa,,,,9872774879,,
Harshit,Lala,Infosys,,,"‪+91 98 03 803997‬, ‪+91 83 90 755779‬, 08971888022",,
pavit,khurana,,,khurana.pavit@gmail.com,,,
°ღ•ℋ,!!!!!!,,,"navi_honey76@yahoo.com,navpreetsingh76@gmail.com",,,
Dad,,,,raminder_singh59@yahoo.in, +919815915979,,
,Pradeep,Auto,,,9845090497,,
Bhadka,Gujju,Infosys,,," +917755919848, +917204653892",,
Nikhil,Verma,,,,9815559390,,
,,Infosys,,aman_kansal@infosys.com,,,
Ranjit,Punjab,Infosys,,, +919464530946,,
°σ.,σ°ツ,,,"navpreetwaraich@yahoo.co.in,waraichnavoo@gmail.com",,,
♫,ƬΛƧΉΛП',,,ajay36rocks@yahoo.co.in,,,
ησв∂ý,ησвσ∂ý,,,harpreet_smashing17@yahoo.co.in,,,
avneet,karntaka,,,,7760034765,,
ਨੀ,ਲੈਜਾਣਾ,,,sahajpal.rohit@gmail.com,,,
,Gautam,,,,9464114004,,
,Konark,Infosys,Pirobase Onsite Coordinator,,082 37 613037,,
Anand,Sir,,,,7814318837,,
Smiti,Lohani,Infosys,,, +917204652199,,
,,,,jsr@gsgroupindia.com,,,
,samant,,,, +919465377539,,
Mannat,Padam,,,,08146200848,,
Armaan..,ETeRnitY,,,armaan.goyal@gmail.com,,,
ੴ,Paul,,,shammy.paul.05@gmail.com,,,
,,,,zahid@inspirenignite.com,,,
,Chandreyee,,,," +919836548097, +919666816041",,
alisha,rathore,,,alisharathare00@gmail.com,,,
Tarndr,Surat,,,,09099922339,,
avneet,mysore,,,,07676670469,,
Vishal,Sethi,Infosys,,vishal.sethi.29@gmail.com,8551900113,,
,Varun,,,,9244562983,,
Juggy,Mess,,,,9803186414,,
,Sarbjit,,,, +919463629859,,
DREAMS,TRUE,,,abhishek241990@gmail.com,,,
,Ankit,,,,9878299866,,
All,Education,,,inspirenignite@gmail.com,,,
Saurabh,Saxena,Infosys,Team Lead,, +919689949286,,
Applied,Solutions,,,,"9781000815, 01612422815, 01612404815",,
,Gagan,,,, +919068224187,,
ARUN,garg,,,arungarg00755@gmail.com,,,
~~AN_ant,~~,,,petrosexual_leo@yahoo.co.in,,,
,anurag,,,, +919781117878,,
,lonely,,,kanwar.nishan@gmail.com,,,
Simri,22,,,, +917508940840,,
Malkeet,Singh,,,malkeetbaidwan22@gmail.com,,,
,Hemant,,,,9780021239,,
,Harmohit,,,,9779004300,,
daman,sohi,,,dmnsohi@gmail.com,,,
,,,,prasan_ubhi@yahoo.co.in,,,
gaganpreet,ਮਾਂਗਟ,,,gagan_mangat2000@yahoo.com,,,
Sahil,KaileY,,,, +919463659342,,
,harpreet,,,,"8968177797, +919878674330, +918146739330",,
,Nidhi,,,,080 82 527069,,
Shivangi,2bhk,,,,082 37 891690,,
Prince,Shop,,,,084 46 997464,,
,Barbeeque,,,,097 62 313272,,
,Sarb,,,,09888847749,,
Dinesh,Gadda,,,,9028344045,,
,Manisha,,,,091 30 226676,,
Meenu,Bansal,,,,077 09 802491,,
,Stanly,,,, +919975057342,,
,Neha,,,, +91 99 75 093075,,
Harpreet,Kaur,,,," +918968177797, +918968177797, +911614647330",,
,Sanjiv,,,,098 76 280879,,
Shubham,Nagar,Rent?,,,073 87 382123,,
,,,,adi.jain45@gmail.con,,,
,Abhinav,Squash,,, +91 80 07 771897,,
Nitin,Goyal,Infosys,System Engineer,,"09765252064, 085 91 220448",,
Imtiaz,Service,,,, +917507503786,,
,Bike,,,,09096339259,,
,Harry,,,, +917757020456,,
Nitin,Babbar,Infosys,,, +919765263950,,
Salt,Bar,,,,09225603920,,
,,,,Adi.jain45@gmail.com,,,
,,,,ks.tripathi@gmail.com,,,
,Manna,,,, +91 98 50 201926,,
Krishna,2bhk,,,,090 29 099122,,
,Manak,,,, +919975159857,,
,Konika,,,, +918007558928,,
GRE,Man,,,,09975026669,,
,Pravin,Infosys TL,,, +919850922708,,
Mohit,Khanna,,,,09860570669,,
,Gawri,,,,8983181541,,
Raghav,Sethi,,,, +919673911215,,
Ashish,2bhh,705 A3 Rose Icon,,,098 23 415532,,
Daina,Mathi,,,, +919833910002,,
,,,,Ishita_tomer@infosys.com,,,
,Gagni,,,, +91 89 82 274724,,
Amanjot,Kaur,Infosys,System Engineer,,"07769 056 280, +919781127079",,
,Gopi,Infosys,System Engineer,, +918554039597,,
Mandeep,Sidhu,,,, +919958250903,,
,Hemant,,,, +919811561375,,
Rahul,Plaka,,,,094 63 591625,,
,Vishu,,,,096 89 365440,,
,,,,amanjot_kaur02@infosys.com,,,
,Sanif,Metro,,,097 73 450642,,
Arshdeep,Singh,,,singh.arshdeep90@gmail.com,,,
Arun,Bhandari,Infosys Metro,,, +918554007442,,
,Aman,,,,8554800013,,
,Nisha,Infosys,,, +91 86 00 442857,,
,Sonia,,,,07768864213,,
,Abhir,,,,88 06 336632,,
Santoshh,Inverter,,,,9028568339,,
Yatindra,Gupta,Infosys METRO,,,077 09 151445,,
Rishi,Infosys,,,, +919049836820,,
,,,,kamalkhanuja30@gmail.com,,,
Abhishek,Metro,,,, +919742299295,,
,Rajesh,,,, +91 86 98 162266,,
,Spectranet,,,,088 79 685540,,
,,,,amanjot@live.in,,,
,Sss,,,,0771 501 3760,,
Ashim,Nanda,Infosys,System Engineer,,"098 15 353224, 08805503386, 083 90 977221",,
,Sharmila,,,, +918408919667,,
Mandeep,Singh,,,," +919410391530, +91 94 10 391530",,
Shivangi,Arry,,,shivangiarry@gmail.com,,,
,Mayur,Rangers,,,080 80 304123,,
,,,,prasan.ubhi@live.com,,,
,Devika,,,,097 60 714790,,
Electrician,Lalit,Pune,,,090 11 856552,,
Robindeep,Sandhu,,,, +918600120134,,
Jashan,Fo,,,, +918888817044,,
,Aaa,,,,095 27 594167,,
Smiti,Lohani,Infosys,,,"088 06 234370, +917204652199",,
Pratap,Gate,,,,09970241511,,
Kewal,Kalyana,,,, +919011521388,,
,Ranjot,,,, +919764692959,,
Ishita,Tomer,,,ishita.tomer@gmail.com,,,
Agreement,Agent,,,, +919371027433,,
,Pandit,,,,07722000969,,
Pulsar,20k,,,,09822320340,,
Laxman,2bhk,,,,07038031913,,
Bungy,Rishikesh,,,contact@jumpingheights.com,,,
,Noopur,,,, +918826487097,,
,Shetty,,,, +919130566599,,
Monty,Pune,,,, +918446339093,,
Ps2,2k,,,, +919158988290,,
Chetan,Patel,,,,8451042602,,
Shishir,Bike,,,,09823827001,,
Chandni,Bhatia,,,,09561072321,,
Infosys,Desk,,,,02033554639,,
1RK,Light,,,, +917768821211,,
New,Bikr,,,, +918421131324,,
Aditya,Negi,,,,09763236963,,
,Vishal,,,, +919887803800,,
Wakad,7k,,,,09922678971,,
Gas,Ram,,,,8888314185,,
,Tarinder,,,, +919049373949,,
Prashant,Bungee,,,,09711762600,,
Harry,Whatsapp,,,, +918195897697,,
Arpit,Goa,,,, +919975538896,,
Pulsar,14k,,,,"07058166947, +918087123365",,
Laddi,Ji,,,, +919888215452,,
Tarun,Fico,,,,08605672564,,
Pimple,Evening,,,,09175682973,,
Harmohit,Singh,,,harmohitsingh@hotmail.com,,,
Venkat,Individual,,,,09545194455,,
Amol,Pawar,,,amoljpawar77@gmail.com,,,
Joshi,Hk,,,,09422360486,,
Mannat,Whatsapp,,,, +918146200848,,
Enticer,15k,,,, +919850123681,,
Choksi,Room,,,,08390693256,,
Tarun,George,,,, +918056435226,,
,Swati,,,, +919899267959,,
Dad,,,,, +919815915979,,
Arjit,Manipal,,,,9008420567,,
Gagni,,,,, +919907772729,,
Pushpendra,,,,, +919417776238,,
Abhi,E12,,,,9988206195,,
Vinay,,,,,9888893262,,
Akhilesh,,,,,9023176677,,
Vaibhav,Ldh,,,,9779688588,,
Pankaj,Dhingra,,,,9417649397,,
RechargeMobile,,,,,124,,
Gas,Ram,,,,8888314185,,
Randhawa,,,,,"‪+1 773-620-9916, 9815746888, +919972398150, +918566963360, +91 8289 069 245, +1 (773) 620-9916",,
Kamal,Gate Coordinater,,,,"9803631513, +911725026826",,
sepal,2,,,, +919803325796,,
Kanik,Home,,,,9988163588,,
Sahil,KaileY,,,, +919463659342,,
Pallavi,,,,,07757820762,,
Harmohit,,,,,9779004300,,
Rohit,Kansal,,,,"096 04 240159, 080 87 749004",,
Sepal,Home,,,,9888736312,,
Ps2,2k,,,, +919158988290,,
 +91 80,915805,,,, +91 80 87 915805,,
Harsimrat,,,,, +91 98 88 104762,,
Kunal,,,,,09886042210,,
Kulkarni,,,,, +917588180088,,
laden,,,,, +917814544136,,
,,,,study@tum.de,,,
Vipul,Hostel,,,,9463586808,,
GRE,Man,,,,09975026669,,
Vaibhav,Deli,,,,9711422673,,
,,,,grdschl@indiana.edu,,,
Abhishek,Metro,,,, +919742299295,,
Tanumeet,Kaur,,,, +919535799537,,
Deepika,,,,, +91 99 88 463493,,
Pratap,Gate,,,,09970241511,,
Pandit,,,,,07722000969,,
Rinku,Gym,,,,9914293575,,
,,,,studienberatung@rwth-aachen.de,,,
Varinder,,,,,01612814371,,
,,,,master@informatik.rwth-aachen.de,,,
kuldeep,doco,,,,9041153538,,
LoBo,Mekhala,,,,08605008608,,
Latest,Scheme,,,,1213,,
Ashima,Malhotra,,,,"088 05 826299, 084 27 257600",,
Customer,Care,,,,121,,
deals,,,,,09219592195,,
Harshit,Ambala,,,, +918295569898,,
Vishal,Dhaba,,,,085 56 077101,,
Balraj,,,,,09463260457,,
Juggy,Mess,,,,9803186414,,
Bike,,,,,09096339259,,
Shishir,Bike,,,,09823827001,,
Rasnam,Kaur,,,,"08289058795, +919535764186",,
Manager,Garg04,,,,09501009358,,
Aman,,,,,8554800013,,
Mohit,,,,, +919776264502,,
Vishu,,,,,9781204006,,
Gagan,Virdi,,,, +91 99 20 220017,,
Amit,Tripathi,,,,"073 87 091176, +49 151 66505121",,
Mannat,Whatsapp,,,,"08146200848, +919988211420, +918146200848",,
Noopur,,,,, +918826487097,,
Malhi,,,,,9815777052,,
Gagni,,,,, +91 89 82 274724,,
shishr,shrof,,,, +919855567303,,
Sepal,,,,,9988909302,,
Prince,Shop,,,,084 46 997464,,
HR,Helpdesk,,,,08095506913,,
Ramesh,E12,,,,"8699270116, +917696680739",,
Dilip,,,,,088 56 914582,,
Tanumeet,Kaur,,,, +919815305587,,
Hitesh,,,,,08095879671,,
bhavuk,,,,,9041124622,,
sheenu,,,,," +919463916663, +918559014020",,
Raghav,Sethi,,,, +919673911215,,
yogi,22,,,,8054423604,,
Bhavna,,,,,9538965642,,
Peush,,,,, +919591850921,,
1RK BHUMKAR 6. 5K,Light,,,, +917768821211,,
harmohit,,,,,"08146104300, +91 85 27 744300",,
ICICI,Customer Care,,,,09021667777,,
nee2,,,,,9464530443,,
Dialer,Tunes,,,,56500,,
nitin,diploma,,,, +919915937096,,
Konika,,,,, +918007558928,,
Gopi,,,,, +919538965335,,
Dj,,,,,9781084126,,
Shivangi,Arry,,,,"083 90 786342, +919465668863",,
,,,,mcs@informatik.uni-freiburg.de,,,
Ankit,,,,,9878299866,,
Pankaj,Kumar,,,, +919464274607,,
Laxman,2bhk,,,,07038031913,,
Manna,,,,, +91 98 50 201926,,
,,,,studium@uni-hannover.de,,,
Choksi,Single Room,,,,08390693256,,
Mayur,,,,,080 80 304123,,
Arun,Bhandari,,,, +918554007442,,
avneet,mysore,,,,07676670469,,
Bitu,G,,,,09216860630,,
Smiti,Lohani,,,,"088 06 234370, +917204652199",,
Tarun,Fico,,,,08605672564,,
Simar,,,,,9888005582,,
Laddi,Ji,,,, +919888215452,,
Jashan,Fo,,,, +918888817044,,
Johal,,,,, +919463351587,,
Aditya,Negi,,,,09763236963,,
Bro,Nashik,,,,"07798930803, +918939005950, +917798930803",,
Neha,,,,, +91 99 75 093075,,
Meenu,Bansal,,,,077 09 802491,,
Distress,Number,,,,112,,
Gagan,,,,, +919068224187,,
Gas,,,,,01615014581,,
Abishek,Chabra,,,, +919464880565,,
VAS,Helpline,,,,1214,,
Prince,,,,, +918872788868,,
Shetty,,,,, +919130566599,,
Sharmila,,,,, +918408919667,,
Salt,Bar,,,,09225603920,,
Sarbjit,,,,, +919463629859,,
Bhadka,Gujju,,,," +917755919848, +917204653892",,
Ashim,Nanda,,,,"098 15 353224, 08805503386, 083 90 977221",,
Nikhil,Verma,,,,9815559390,,
Nikhil,Mittal,,,, +919818359870,,
Enticer,15k,,,, +919850123681,,
Rajesh,,,,, +91 86 98 162266,,
bro,Ldh,,,, +919464901720,,
Dep,Kirn,,,, +919541851306,,
Swati,,,,, +919899267959,,
bro,CN,,,, +918015618824,,
Saket,Sharma,,,," +919783132007, +919538965286",,
Gurjot,Cp,,,, +91 95 37 870078,,
Hundal,,,,,9872406809,,
Charandeep,Randhawa,,,,080 07 568727,,
Kanwar,Sidhu,,,,9872554814,,
UIDAI,,,,,1800-300-1947,,
Sarb,,,,,09888847749,,
sahil,luthra,,,,"09888573834, +919803803861",,
Bal,Inquiry,,,,12527,,
Santoshh,Inverter,,,,9028568339,,
anubhav,laala,,,, +919653620920,,
Pimple Nilakh Bike 2,Evening,,,,09175682973,,
Aditya,,,,,"‪+91 77 38 890118‬, 077 36 209916",,
Infosys,help Desk,,,,02033554639,,
mehak,,,,, +919779904919,,
Hemant,,,,, +919811561375,,
Jasjot,,,,,9872009590,,
Vishal,,,,, +919887803800,,
M&M,,,,,078 37 726788,,
,,,,info@isgs.uni-kl.de,,,
airtel,offrz,,,,*222#,,
ShiShir,,,,,9098296600,,
Somil,,,,,9417586586,,
Ritesh,,,,,"9463680724, +919418528098",,
Arsh,,,,, +919878791761,,
Harry,,,,, +917757020456,,
Gawri,,,,,8983181541,,
Chandreyee,,,,," +919836548097, +919666816041",,
Shreya,,,,, +919780503606,,
Pradeep,,,,,9845090497,,
dean,,,,,9417385002,,
,,,,ada.ehrmann@hochschule-heidelberg.de,,,
Nidhi,,,,,080 82 527069,,
kanik,kwatra,,,, +919023683245,,
Nisha,,,,, +91 86 00 442857,,
Spectranet,,,,,088 79 685540,,
Konark,,,,,082 37 613037,,
Monty,Pune,,,, +918446339093,,
Parneet,Kaur,,,,097 39 630956,,
Simri,22,,,, +917508940840,,
Venkat Wakad,Individual,,,,09545194455,,
Gaurav,soni,,,, +919914256266,,
SoIC,Questions,,,soiccsgr@indiana.edu,,,
Manak,,,,, +919975159857,,
Bawa,,,,,"09876366326, +919780898554, +918968455339",,
Shimla,,,,,9218509225,,
Voice,Station,,,,55500,,
Laden,,,,,9781988412,,
Ishwinder,,,,,09815773210,,
Hemant,,,,,9780021239,,
Tarun,George,,,, +918056435226,,
self,ring,,,,*140*1600#,,
mappy,g,,,,97339537943,,
Sahil,kailey,,,, +919538966594,,
Noopur,Vashist,,,, +91 96 37 685835,,
Pushpendra,pune,,,,07758040125,,
Vikram,Bhullar,,,, +91 97 81 648944,,
Chetan,Patel,,,,8451042602,,
eye,doc,,,, +919876874122,,
Joy,,,,, +918054073214,,
Madhuria,,,,,086 98 033661,,
Rishi,Infosys,,,, +919049836820,,
Abhishek,,,,, +917357421501,,
shishir,,,,, +919039363071,,
Ankit,Dugri,,,, +919779433442,,
Barbeeque,,,,,097 62 313272,,
Electrician,Lalit,,,,090 11 856552,,
avneet,mysor,,,,09886328578,,
Shanty Aircel,,,,,9803199172,,
Sonia,,,,,07768864213,,
Mansa,,,,, +919872189595,,
Sanjiv,,,,, +917589070913,,
vikram,bhullar,,,, +919041480112,,
Gurbaj,Gym,,,,9988068734,,
Mayank,,,,,9779931728,,
Shubham,Nagar,,,,073 87 382123,,
,,,,manfred.wizgall@f05.uni-stuttgart.de,,,
Nitin,,,,, +919855364842,,
Daman,Sohi,,,, +919538965395,,
Sanfam,,,,," +919915156733, +919465132335",,
Sumeet,,,,,‪+91 99 14 009276,,
Sheetal,,,,, +91 98 60 792178,,
Mum,,,,, +919878270289,,
rohitash,,,,, +919915671420,,
Shipra,Bti,,,,099 88 300265,,
anurag,,,,, +919781117878,,
Stanly,,,,, +919975057342,,
avneet,karntaka,,,,7760034765,,
Ghar,,,,, +911612521552,,
Shivangi,Arry,,,Shivangi_Arry@infosys.com,,,
Mohit,Khanna,,,,09860570669,,
Puneesh,,,,,9370314300,,
Agreement,Agent,,,, +919371027433,,
Ankita,,,,,097 49 633970,,
Vipul,Goyal,,,, +919781086710,,
dheeraj,,,,,9041211157,,
Vishu,,,,,096 89 365440,,
aavesh,,,,, +919888537885,,
Sandhu,Jaideep,,,,9646666889,,
Krishna,2bhk,,,,090 29 099122,,
Nitin,Goyal,,,,"09765252064, 085 91 220448",,
,,,,netneutralityindia04@gmail.com,,,
Joshi,1 Hk,,,,09422360486,,
Dks,,,,, +919742652038,,
Flipkart,Support,,,cs@flipkart.com,,,
Himanshu,Mansa,,,,"9815227797, +918968465995",,
Idea,Postpaid,,,, +91 88 72 150056,,
,,,,csm-info@medien.uni-weimar.de,,,
Ankush,Mansa,,,,9872774879,,
Dinesh,Gadda,,,,9028344045,,
Balance,,,,,*111#,,
gagandeep,singh,,,," +919530961750, +911712664577",,
Tarndr,Surat,,,,09099922339,,
Harpreet,Kaur,,,,"8968177797, +919878674330, +918968177797, +918968177797, +918146739330, +911614647330",,
Kamal,,,,, +917696013691,,
Swapnil,,,,,08550999403,,
Gaurav,M6,,,,9888893101,,
Saket,,,,,"9888450110, +919646050110",,
Malhi,2,,,,9417741537,,
Dikshant,,,,,9888842903,,
BalanceEnquiry,,,,,125,,
Sanif,,,,,097 73 450642,,
sahil,2,,,, +919041480108,,
Arjit,,,,, +918054900168,,
Nitin,Babbar,,,, +919765263950,,
Abhir,,,,,88 06 336632,,
Shivangi,2bhk,,,,082 37 891690,,
Harry,Whatsapp,,,, +918195897697,,
Akshay,Mehta,,,,"8146988024, 09901050294",,
Mandeep,Sidhu,,,, +919958250903,,
Saurabh,,,,, +919538966094,,
Inder,E3,,,, +919780287687,,
malkeet,,,,," +919569880057, +918699834491",,
Broket,Manoj,,,,09881304377,,
Magzter,Support,,,help@magzter.com,,,
Wakad 1RK,7k,,,,09922678971,,
Prashant,Bungee,,,,09711762600,,
BreakBox,,,,, +917030777788,,
Kln,Dee,,,, +639185901196,,
,,,,pruefungsausschuss.informatik@eim.upb.de,,,
Ghansham,,,,, +919481345632,,
Nitin,Sethi,,,,9872268175,,
Aman,Brar,,,,9465790918,,
Harmohit,,,,, +918527744300,,
Nikhil,mittal,,,,9463356783,,
Pulsar,150 Fc Road 14k,,,,"07058166947, +918087123365",,
Ranjeet,Singh,,,, +917760256301,,
Rajat,,,,,9465429644,,
Applied Business Sol,,,,,"9781000815, 01612422815, 01612404815",,
Kewal,Kalyana,,,, +919011521388,,
Yatindra,Gupta,,,,077 09 151445,,
avneet,,,,, +918146811661,,
Robindeep,Sandhu,,,, +918600120134,,
,,,,advqos@trai.gov.in,,,
New,Bikr,,,, +918421131324,,
Saluja,,,,,9779441114,,
,,,,mcs@informatik.uni-stuttgart.de,,,
Vikram Bhullr,,,,, +919567495872,,
avneet,singh,,,,09464529892,,
Varun,,,,,9244562983,,
Sahil,Luthra,,,, +919937624544,,
Mehak,Jain,,,, +919878931412,,
USC,Engineering,,,viterbi.gradprograms@usc.edu,,,
Amanjot,Kaur,,,,"07769 056 280, +919781127079",,
Abhinav,,,,, +91 80 07 771897,,
Karishma,Ji,,,, +91 88904 91256,,
Anand,Sir,,,,7814318837,,
Mehak,2,,,, +91 98 05 577054,,
Rajat,pM,,,, +919823224636,,
Chahal,,,,,9855979111,,
Kamalpreet,Kaur,,,,091 58 020002,,
Nitin,Bro,,,, +919915290974,,
Maninder,,,,,9888547172,,
Harsh,Bansal,,,,9316979971,,
Mohna,,,,,"09803669333, +919876887066, +919538966835",,
Gautam,,,,,9464114004,,
Ashish,2bhh,,,,098 23 415532,,
Sss,,,,,0771 501 3760,,
Shravan,,,,, +919650016688,,
,,,,servicebuero@informatik.uni-bonn.de,,,
Harshit,Lala,,,,"‪+91 98 03 803997‬, ‪+91 83 90 755779‬, 08971888022",,
Dass Book Store Shop,Bo,,,, +919814506240,,
Mum,Doc,,,,09815393705,,
Sitaram,,,,,084 21 973642,,
Sahil,Mittal,,,,9417058155,,
Manjeet,Sir,,,,9814507095,,
Shailendra,Gupta,,,,075 07 030061,,
Manharsh,,,,,9888756400,,
virdi,,,,, +919962700017,,
kaati,g,,,, +918146083193,,
arjun,,,,, +919465639766,,
Gurpreet,Smagh,,,, +91 77570 06988,,
Ranjot,,,,, +919764692959,,
Lost,The plot Aundh,,,,02030189945,,
Imtiaz,Bike Service,,,, +917507503786,,
bro,,,,,9876483283,,
Harsh,Wla,,,, +919888884781,,
Archita,Gupta,,,, +917738482795,,
Ranjit,Punjab,,,, +919464530946,,
Tarinder,,,,, +919049373949,,
Manisha,,,,,091 30 226676,,
Mandeep Singh,,,,," +919410391530, +91 94 10 391530",,
soni,,,,,081 06 797221,,
samant,,,,, +919465377539,,
ankush,ldh,,,, +919780696859,,
Priya,,,,, +919930619750,,
,,,,studium.international@mailbox.tu-dresden.de,,,
Vikrant,,,,, +91 95 01 367259,,
mangla,,,,, +919888613369,,
massi,g,,,, +919827659591,,
Pravin,,,,, +919850922708,,
Rahul,Plaka,,,,094 63 591625,,
Ishita,Tomar,,,,086 00 678143,,
thapa,,,,, +919915206392,,
Arpit,Goa,,,, +919975538896,,
Pulsar 180 Shivaji,20k,,,,09822320340,,
imroz,,,,, +919417626011,,
,,,,master@cs.uni-saarland.de,,,
harman,bera,,,,9417212006,,
Saurabh,Saxena,,,, +919689949286,,
Infosys,Desk,,,,017233554639,,
,,,,study-advice.ce@upb.de,,,
Gopi,,,,, +918554039597,,
Mogli,,,,, +919478278787,,
simran,c2,,,,9814667518,,
The,Cafe,,,,011 3959 5023,,
Harpreet,Kaur,,,," +918968177797, +918968177797, +911614647330",,
kaati,g,,,, +918146083193,,
Manisha,,,,,"09130226676, 091 30 226676",,
,,,,S.gaurkar@gmail.com,,,
,,,,TOEFLSupport4India@ets.org,,,
,,,,himanshu@pbi.ac.in,,,
HobsonsSupportEUS,,,,support@hobsons.com,,,
,,,,goyalsonia_82@yahoo.co.in,,,
Laddi,Ji,,,, +919888215452,,
Manager,Garg04,,,,09501009358,,
Vp,,,,, +917589070913,,
Harshit,Lala,,,,"‪+91 98 03 803997‬, ‪+91 83 90 755779‬, 08971888022, +918390755779",,
N,,,,,"08004962366, 080 04 962366",,
Aman,Dhakoli,,,," +919888130688, +91 98881 30688",,
Nitin,Goyal,,System Engineer,,"09765252064, 08591220448, 085 91 220448",,
Sandeep,Gurgaon,,,,"09953629047, 099 53 629047",,
Ideapppp,,,,," +918437007550, +91 84 37 007550",,
HR,Helpdesk,,,,08095506913,,
Chetna,,,,,097 81 113996,,
Madhuria,,,System Engineer,,"08698033661, 086 98 033661",,
shishir,,,,, +919039363071,,
,,,,18.amanjot@gmail.com,,,
Malika,,,,,"07837098781, 078 37 098781",,
Anmol,,,,, +918289098709,,
mappy,g,,,,97339537943,,
,,,,kharsia.harpreet@gmail.com,,,
Rakesh CSE,Proff,,,,"09888325802, 098 88 325802",,
1RK BHUMKAR 6. 5K,Light,,,, +917768821211,,
,,,,boparai.dolly@gmail.com,,,
Peush,,,,, +919591850921,,
D,,,,, +91 99 88 463493,,
Rahul,Plaka,,,,"09463591625, 094 63 591625",,
2 Room Set FULLY,8,,,,093 16 113939,,
Himanshu,Mansa,,,,"9815227797, +918968465995",,
Laden,,,,," +18159957704, +1-815-995-7704",,
Mohit,Cp,,,,"07508919700, 075 08 919700",,
Mehak,Jain,,,, +919878931412,,
,Patterh,,,,0175 304 6323,,
Deep_TM,,,,, +91 97368 54166,,
Naveen,HDFCcard,,,,"09988873098, 099 88 873098, +91 88 72 274800",,
Mini,,,,,"09569451602, 095 69 451602",,
Saket,,,,,"9888450110, +919646050110",,
Manak,,,,, +919975159857,,
Shanty Aircel,,,,,9803199172,,
BreakBox,,,,, +917030777788,,
Ss,,,,,098 76 723673,,
Mami,Bahrein,,,," +97339122949, +973 3912 2949",,
Rajat,pM,,,, +919823224636,,
Ayushi,,,,,"09041292161, 090 41 292161",,
Sheetal,,,,," +919860792178, +91 98 60 792178",,
Mahu,Owner,,,,"9463205554, 946-320-5554",,
Zirak,Cook,,,, +91 75082 22760,,
Heena,,,,,"09803408292, 098 03 408292",,
Ghansham,,,,, +919481345632,,
Lost,The plot Aundh,,,,02030189945,,
Electrician,Lalit,,,,"09011856552, 090 11 856552",,
,,,,jaswindersinghmtech@gmail.com,,,
Admissions,email,,,IAO@sa.utah.edu,,,
Sb,,,,,"09878332630, 098 78 332630",,
Mandeep,Sidhu,,,, +919958250903,,
Shaifali,Shaifali,,,," +917508775390, +91 75087 75390",,
H & R,Y,,,ryait.harkirat1@gmail.com,"0724 900 0002, +919569091857",,
Imtiaz,Bike Service,,,, +917507503786,,
Saurabh,Saxena,,Team Lead,, +919689949286,,
Varun,Cp,,,," +919876550117, +91 98 76 550117",,
Nisha,,,,," +918600442857, +91 86 00 442857",,
Ranjeet,Singh,,,, +917760256301,,
Akshay,Mehta,,,,"8146988024, 09901050294",,
Rohit,Kansal,,,,"096 04 240159, 08087749004, 080 87 749004",,
Idea,Postpaid,,,, +91 88 72 150056,,
Randhawa,,,,,"‪+1 773-620-9916, 9815746888, +919972398150, +918566963360, +918289069245, +91 8289 069 245",,
Dee,,,,," +919915743493, +91 99157 43493",,
Harsh,Wla,,,, +919888884781,,
Bro,,,,," +918939005950, +917798930803",,
Vishal,Dhaba,,,,085 56 077101,,
Nidhi,,,,,"08082527069, 080 82 527069",,
Gagan,Virdi,,,," +919920220017, +91 99 20 220017",,
Pallavi,,,,,07757820762,,
Konark,,,Pirobase Onsite Coordinator,,"08237613037, 082 37 613037",,
Neha,,,,," +919975093075, +91 99750 93075",,
,,,,manjitsingh_manjit@rediffmail.com,,,
richa,sally,,,," +919815848466, +91 98158 48466",,
Gas,Ram,,,,8888314185,,
 +91,96712,,,, +919646996712,,
Aditya,,,System Engineer,,"‪+91 77 38 890118‬, 07736209916, 077 36 209916, +917738890118",,
Jashan,Fo,,,, +918888817044,,
,,,,research_raman@yahoo.com,,,
Prince,Shop,,,,"08446997464, 084 46 997464",,
,,,,gurjit.bhathal@gmail.com,,,
Taran,Squash,,,," +919739831762, +91 97398 31762",,
Mayank,,,,,9779931728,,
Cp,,,,," +919464490099, +91 94 64 490099",,
Maali,Dakhauli,,,, +91 81 95 049536,,
Archita,Gupta,,,,"82 88 853961, +917738482795",,
Pradeep,,,,,9845090497,,
Bhadka,Gujju,,,," +917755919848, +917204653892",,
Ashima,Malhotra,,System Engineer,,"08805826299, 088 05 826299, 084 27 257600",,
Priya,Chd,,,, +91 86999 90732,,
Bitu,G,,,,09216860630,,
,,,,channisingh@yahoo.com,,,
Ashish,2bhh,,,,"09823415532, 098 23 415532",,
Pulsar,150 Fc Road 14k,,,,"07058166947, +918087123365",,
Dass Book Store Shop,Bo,,,, +919814506240,,
Airtel,Suraj,,,,082 84 000992,,
Karishma,Ji,,,," +918890491256, +91 88904 91256",,
Vipul,Hostel,,,,9463586808,,
,,,,hrjinder@gmail.com,,,
Jessica,Clarkson,,,gograd@asu.edu,,,
Aparna,,,,,"07508232423, 075 08 232423",,
Kulwinder Singh,proff,,,"ksmalhi@pbi.ac.in,ksmalhi@rediffmail.com,ksmalhip@gmail.com",095 01 010341,,
Amrinder,7pm,,,,"08054332221, 080 54 332221",,
Tanumeet,Kaur,,,, +919535799537,,
,,,,,098 88 899652,,
Vadera,Info,,,, +91 98 88 106609,,
Kunal,,,,,09886042210,,
Bro,Nashik,,,,07798930803,,
Pimple Nilakh Bike 2,Evening,,,,09175682973,,
Peddlers,Elante,,,,"09216492021, 092 16 492021",,
M&M,,,,,"07837726788, 078 37 726788",,
,,,,admissions@satpaulmittalschool.org,,,
Gurleen,,,,,"07508090433, 075 08 090433",,
,,,,sahil_luthra@infosys.com,,,
Tanumeet,Kaur,,,, +919815305587,,
Amit,Tripathi,,Onsite Coordinator,,"07387091176, 073 87 091176, +4915166505121, +49 151 66505121",,
Kulkarni,,,,, +917588180088,,
Infosys,help Desk,,,,02033554639,,
bro,Ldh,,,, +919464901720,,
Agreement,Agent,,,, +919371027433,,
Rakesh CSE,Proff,,,rksinghrajput@gmail.com,"098 88 325802, +91 75089 34104",,
2bhk Furnished,Sector,,,,"09501100253, 095 01 100253",,
Gopi,,,System Engineer,, +918554039597,,
Mohna,,,,,"09803669333, +919876887066, +919538966835",,
,,,,harmanjhajj@yahoo.co.in,,,
Harsimrat,,,,," +919888104762, +91 98 88 104762",,
Robindeep,Sandhu,,,, +918600120134,,
Sitaram,,,,,084 21 973642,,
,,,,hadizone@outlook.com,,,
Mudit,Squash,,,,"‪+91 99110 53238‬, +919911053238",,
Priya,,,,, +919930619750,,
Smiti,Lohani,,,,"08806234370, 088 06 234370, +917204652199",,
Charandeep,Randhawa,,System Engineer,,080 07 568727,,
,,,,jasmeenkaur.ubs@gmail.com,,,
Vishu,,,,,"09689365440, 096 89 365440",,
Mappy,Ji,,,,082 88 966734,,
Sumit,Vadera,,,," +919041396609, +91 90413 96609",,
,,,,graduate@sa.utah.edu,,,
Parneet,Kaur,,System Engineer,,097 39 630956,,
,,,,jassiccet@gmail.com,,,
Deepak,Pbi,,,,"09501006673, 095010 06673",,
Ranjana_kid,,,,," +919158819954, +91 91588 19954",,
,,,,deepak_saini79@rediffmail.com,,,
Shipra,Bti,,,,"09988300265, 099 88 300265",,
Karandeep,,,,,"08283809969, 082 83 809969",,
Gagan,,,,,"07837892178, 078 37 892178",,
Ishwar,,,,," +919592214555, +91 95922 14555",,
Bro,Gujarat,,,, +91 7228 915 979,,
Daman_TM,,,,,"08968960674, 089 68 960674",,
Yatindra,Gupta,,,,077 09 151445,,
laden,,,,, +917814544136,,
,,,,, +91 96469 96712,,
Rupinder,TM,,,,"09729310530, 097 29 310530",,
Gurpreet,Smagh,,,," +917757006988, +91 77570 06988",,
ICICI,Customer Care,,,,09021667777,,
sahil,2,,,, +919041480108,,
Kid,,,,," +918087915805, +91 80 87 915805",,
Swapnil,,,,,08550999403,,
Gaurav,3bhk,,,," +6585356913, +65 8535 6913",,
,,,,jagroopjosan80@gmail.com,,,
,,,,brahmaleen_sidhu@yahoo.co.in,,,
Bhushi,,,,," +918427864089, +91 84278 64089",,
,,,,richa_gemini@yahoo.com,,,
Distress,Number,,,,112,,
Harmohit,,,,,"08146104300, +918527744300, +91 85 27 744300",,
Mukul,Squash,,,," +919780010371, +91 97800 10371",,
Sachin,Squash,,,," +919814384165, +91 98143 84165",,
Arpit,Goa,,,, +919975538896,,
Anshul,Squash,,,," +919780708976, +91 97807 08976",,
Mayur,,,,,"08080304123, 080 80 304123",,
Prinkaa,,,,,"08557856161, 085 57 856161",,
UIDAI,,,,,1800-300-1947,,
Saket,Sharma,,,," +919783132007, +919538965286",,
Shubham,Nagar,,,,"07387382123, 073 87 382123",,
Ishita,Tomar,,,,"08600678143, 086 00 678143",,
Abhinav,,,,," +918007771897, +91 80 07 771897",,
Cheena,Di,,,,"09815283002, 098 15 283002",,
Nitin,Bro,,,, +919915290974,,
Applied Business Sol,,,,,"9781000815, 01612422815, 01612404815",,
Spectranet,,,,,"08879685540, 088 79 685540",,
,,,,gaurav_shrivastava02@infosys.com,,,
Mausam,,,,,"08289070651, 082 89 070651",,
Lal,Golf,,,,098 14 180846,,
Seema,,,,,"09888959605, 098 88 959605",,
Deepak,Idea,,,,"8699506623, 86 99 506623",,
Ashim,Nanda,,System Engineer,,"09501089995, 095 01 089995",,
Pulsar 180 Shivaji,20k,,,,09822320340,,
Gopi,,,,, +919538965335,,
,,,,ranjit24_ucoe@pbi.ac.in,,,
Neha,CP,,,,"09779066261, 097 79 066261",,
,Patterh,,,mspattar@yahoo.com,0175 304 6323,,
soni,,,System Engineer,,"08106797221, 081 06 797221",,
Wakad 1RK,7k,,,,09922678971,,
Choksi,Single Room,,,,08390693256,,
Sukhdeep's,Dad,,,, +91 96 46 111567,,
Dhakoli,Agent,,,, +91 98 78 322225,,
098,899652,,,,09888899652,,
Harry,,,,, +917696263824,,
,,,,sappal73as@yahoo.co.in,,,
Gaurav,Shrivastava,,,sonalgaurav2k12@gmail.com, +919766104048,,
Saurabh,,,,, +919538966094,,
Satti,,,,, +91 87290 82681,,
Puneet,Aulakh,,,puneetaulakh88@gmail.com,,,
Joshi,1 Hk,,,,09422360486,,
Chanpreet,Infy,,,,"‪+91 90238 89941‬, +919779980546, +919023889941",,
Gagni,,,,," +918982274724, +91 89 82 274724",,
Cable,Zirakpur,,,,"‪+91 96466 87009‬, +919646687009, +91 96466 87009",,
Prince,Ranjeet,,,, +919815576030,,
,,,,tanvi0005@gmail.com,,,
,,,,kanwalp78@yahoo.com,,,
Sukhchain,,,,,"‪+91 85680 01808‬, +918568001808, +91 98721 68712",,
Sahil,kailey,,,, +919538966594,,
,,,,amrit_aks@yahoo.ca,,,
Mappy,Ji,,,," +97339537943, +973 3953 7943",,
Gurjot,Cp,,,," +919537870078, +91 95 37 870078",,
,,,,farishta02@yahoo.co.in,,,
Rajesh,,,,," +918698162266, +91 86 98 162266",,
Madan,Lal,,,mlpbiuni@hotmail.com,099 88 696700,,
Kanwar,Randhawa,,,," +17736209916, +1 (773) 620-9916",,
Ankita,,,,,"09749633970, 097 49 633970",,
Akshay,Infy,,,," +919818650024, +91 98186 50024",,
Sahil,Luthra,,,, +919937624544,,
Varun,Squash,,,," +919872976284, +91 98729 76284",,
Arun,Bhandari,,,, +918554007442,,
Vikram Bhullr,,,,, +919567495872,,
Mandeep Singh,,,,," +919410391530, +91 94 10 391530",,
Aaaa,,,,, +91 84080 07863,,
Shivangi,Arry,,System Engineer,,"083 90 786342, +919465668863",,
Mohit,,,,, +919776264502,,
Sm,,,,,"09780731024, 097 80 731024",,
,,,,admissionspms@gmail.com,,,
Dilip,,,,,"08856914582, 088 56 914582",,
Abhir,,,,,"8806336632, 88 06 336632",,
Mum,Doc,,,,09815393705,,
Rasnam,Kaur,,,,"08289058795, +919535764186",,
LoBo,Mekhala,,,,08605008608,,
Sid,Squash,,,," +919988144888, +91 99881 44888",,
Sanif,,,,,"09773450642, 097 73 450642",,
KulwinderSingh,Malhi,,,,,,
Parul,,,,,"09465150871, 094 65 150871",,
Pravin,,,,, +919850922708,,
Amanjot,Kaur,,System Engineer,,"07769056280, 07769 056 280, +919781127079",,
Airtel,Postpaid,,,,"09815649779, 098 15 649779",,
Raghav,Sethi,,,, +919673911215,,
Mmmm,,,,,"88 60 164928, 09780927331, 097 80 927331",,
Dhakauli,Broker,,,, +91 99 88 078379,,
,,,,himanshu.pup@gmail.com,,,
,,,,nitingoyal.goyalnitin8@gmail.com,,,
Noopur,Vashist,,Senior System Engineer,, +91 96 37 685835,,
Shailendra,Gupta,,Senior System Engineer,,"07507030061, 075 07 030061",,
Kamalpreet,Kaur,,,,"09158020002, 091 58 020002",,
Satinder,,,,," +919501809525, +91 95018 09525",,
S2,,,,," +919876280879, +91 98762 80879",,
Piyush,Motta,,,,"09815351576, 098153 51576",,
Gurbaj,Gym,,,,9988068734,,
Kamal,Gate Coordinater,,,,"9803631513, +911725026826",,
Rippan,CP,,,,"07837222346, 078 37 222346",,
Shivangi,2bhk,,,,"08237891690, 082 37 891690",,
Kewal,Kalyana,,,, +919011521388,,
Ranjit,Punjab,,,," +919855090946, +919464530946, +91 98 55 090946",,
ABhir,Chandigarh,,,, +91 91300 53720,,
Motu,Ji,,,, +919872608712,,
Vikram,Bhullar,,,," +919781648944, +91 97 81 648944",,
Bullet,Vishal,,,," +918699168885, +91 86 99 168885",,
Venkat Wakad,Individual,,,,09545194455,,
Nitin,Babbar,,,, +919765263950,,
Infosys,Desk,,,,017233554639,,
Sanjay,Mech,,,, +91 98764 48071,,
Manav,Colony,,,,"09915555148, 099155 55148",,
Abhinav,Squash,,,," +919888393965, +91 98883 93965",,
Shivangi,Arry,,System Engineer,,"08390786342, 083 90 786342, +919465668863",,
Munshiji,,,,,"07837004433, 078370 04433",,
Satti,,,,," +918729082681, +91 87290 82681",,
Anitha,IUB,,,, +919930315141,,
IUB,,,,," +919673777543, +91 96737 77543",,
 +919930315141,,,,, +919930315141,,
Nisha,,,,, +91 86 00 442857,,
Vishal,Dhaba,,,,"08556077101, 085 56 077101",,
Pooja,,,,,"076761 51639, 07358550716, 073585 50716",,
Nisha,Singhal,,,," +917837549704, +91 78375 49704",,
Gattu,Infy,,,,"09972398170, 099723 98170",,
Sukhdeep's,Dad,,,," +919646111567, +91 96 46 111567",,
Abhir,New,,,," +919872727537, +91 98727 27537",,
Ss,,,,,"09876723673, 098 76 723673",,
Mausam,,,,,082 89 070651,,
Prime,Sports,,,,0172 501 2071,,
Sonu,SBI,,,," +918528888804, +91 85288 88804",,
Ranjit,Punjab,,,," +919464530946, +91 98 55 090946",,
IU,Services,,,ois@iu.edu,,,
N,,,,,080 04 962366,,
,,,,newtoiu@iu.edu,,,
Charandeep,Randhawa,,System Engineer,,"08007568727, 080 07 568727",,
varinderpal,singh,,,varinderpalsingh1011@gmail.com,,,
Anil,Kumar,,,Akaggarwal2989@gmail.com,,,
Anil,Aggarwal,,,Anil.aggarwal@dhflsales.com,,,
Harshit,Lala,,,,"‪+91 98 03 803997‬, ‪+91 83 90 755779‬, 08971888022, +919803803997, +918390755779",,
,,,,abirdrive22@gmail.com,,,
,,,,pyushgoyal91@gmail.com,,,
Anil,Avanse,,,akaggarwal1989@yahoo.in,"‪+91 98919 19234‬, +919891910276",,
Applied,Solutions,,,,"9781000815, 01612422815, 01612404815",,
Bro,Nashik,,,,"07798930803, +918939005950, +917798930803",,
,,,,Amit.singh3@avanse.com,,,
harpreet,Kaur,,,,"8968177797, +919878674330, +918968177797, +918146739330",,
Amit,Avanse,,,, +91 88600 86311,,
Kansal,Canada,,,," +16048258790, +1 (604) 825-8790",,
Rima,96712,,,," +919646996712, +91 96469 96712",,
Gowthami,,,,,"07353282441, 073532 82441",,
,,,,joinrps@indiana.edu,,,
,,,,ithelp@iu.edu,,,
WSU,Creation,,,hd.accounts@wsu.edu,,,
,,,,immune@indiana.edu,,,
Ashish,Minnesota,,,," +16129869226, +1 (612) 986-9226",,
harpreet,Kaur,,,,"8968177797, +919878674330, +918968177797, +918146739330",,
IU,Services,,,IUEvent@indiana.edu,,,
,,,,, +91 172 308 2222,,
,,,,paigrobe@indiana.edu,,,
Manoj,Infy,,,,"09781534702, 097815 34702",,
Harsha,IUB,,,," +918390443139, +91 83904 43139",,
Rishabh,IUB,,,," +917406163272, +91 74061 63272",,
Aanchal,IUB,,,," +18479096041, +1 (847) 909-6041",,
Bro,Nashik,,,,"07798930803, +918939005950, +917798930803",,
Naren,IUB,,,," +919177150428, +91 91771 50428",,
,,,,housemgr@indiana.edu,,,
,,,,singhinder590@gmail.com,,,
Konark,,,Pirobase Onsite Coordinator,,082 37 613037,,
Sneha,IUB,,,," +919886077366, +91 98860 77366",,
Rajeev,Avanse,,,," +919821927334, +91 98219 27334",,
Rippan,CP,,,,078 37 222346,,
Chirag,Mangla,,,," +91 98188 26995, +918054126917, +91 98886 13369, +91 80541 26917",,
Himanshu,Chandigarh,,,,"9815227797, +918968465995",,
Kripal,Avanse,,,kripal.dutt@avanse.com,098994 17799,,
Sky,Tosh,,,,"08894219327, 088942 19327",,
Anshu,Sharma,,,anshusharma3636@gmail.com,,,
Mahal,Ubs,,,," +918054541225, +91 80545 41225",,
Fountain,Apartments,,,FountainPark@regencyapartments.com,,,
Aritra,IUB,,,," +919836722651, +91 98367 22651",,
,,,,support-india@ustraveldocs.com,,,
Priyanka,T,,,,"8237326804, 82373 26804, +91 86995 67978",,
soni,,,System Engineer,,081 06 797221,,
Anika,T,,,," +919654145153, +91 96541 45153",,
Davinder,Sandhu,,,Davinder_Sandhu@infosys.com,,,
Mohanpreet,Singh,,,Mohanpreet_Singh@infosys.com,,,
Kanwar,Singh01,,,Kanwar_Singh01@infosys.com,,,
Tanumeet,Juneja,,,Tanumeetkaur_J@infosys.com,,,
Ranjeet,Rattanpal,,,Ranjeet_Rattanpal@infosys.com,,,
Saket,Sharma02,,,Saket_Sharma02@infosys.com,,,
Vikram,Bhullar,,,VikramJeet_Bhullar@infosys.com,,,
Rasnam,Brar,,,Rasnam_Brar@infosys.com,,,
Neha,,,,, +91 99750 93075,,
,,,,alumni@infosys.com,,,
john,franklin,,,franklinpublications6@gmail.com,,,
,,,,messenger@infosys.com,,,
<Unnamed>,,,,,,,
Priyanka,T,,,,"82373 26804, +918699567978, +91 86995 67978",,
Saket,,,,,9888450110,,
Vinita,IUB,,,, +919967367400,,
Devendra,Avanse,,,devendra@dhflsales.com,099108 77028,,
neha,bameta,,,nehabameta@gmail.com,,,
Neha,,,,," +918412035575, +91 99750 93075, +91 84120 35575",,
Kailey,Sahil,,,," +919592360911, +91 95923 60911",,
Simi,Bahrein,,,," +97337267217, +973 3726 7217",,
Jesse,Talley,,,jtalley@indiana.edu,,,
Rasnam,Kaur,,,,"08289058795, +919535764186, +16475737600, +1 (647) 573-7600",,
Ashima,Chennai,,,, +91 99627 59177,,
Kansal,Panchkula,,,, +91 95019 06483,,
Kailash,Avanse,,,,095402 64848,,
Kailash,Chanda,,,kailash.chanda@avanse.com,,,
Rishabh,IUB,,,, +91 74061 63272,,
Shweta,Yadav,,,shweta.yadav@bookmyforex.com,,,
Axis,Issues,,,travel.currency@axisbank.com,18552055577,,
,,,,DivyaT@bluedart.com,,,
Kripal,Avanse,,,,09899417799,,
,,,,bursar@indiana.edu,,,
,,,,pmlludhiana@paulmerchants.net,,,
,,,,iucareer@indiana.edu,,,
,,,,Karishmakaur200@gmail.com,,,
,,,,SOICCSIU@indiana.edu,,,
,,,,print.marketing0429@staples.com,,,
,,,,raminder.ubhi@gmail.com,,,
Sneha,IUB,,,, +91 98860 77366,,
Rishab,IUB,,,," +14154006783, +1 (415) 400-6783",,
,,,,cacard@indiana.edu,,,
Harsha,IUB,,,, +91 83904 43139,,
Aritra,IUB,,,," +919836722651, +91 98367 22651, +1 812-369-6801",,
Wakad,1RK Broker 7k,,,,09922678971,,
Rohit,Kansal,,,,"096 04 240159, 080 87 749004",,
Me,USA,,,,"8122728705, (812) 272-8705",,
Sky,Tosh,,,,088942 19327,,
Deepak,Pbi,,,,095010 06673,,
Pooja,,,,,"076761 51639, 073585 50716",,
Broket Manoj,,,,,09881304377,,
Shipra,Bti,,,,099 88 300265,,
Manav,Colony,,,,099155 55148,,
Gas,Pandu Ram,,,,8888314185,,
Aditya,,,System Engineer,,"‪+91 77 38 890118‬, 077 36 209916, +917738890118",,
,,,,mdpi@iu.edu,,,
Prince,Shop,,,,084 46 997464,,
,,,,phypltbl@indiana.edu,,,
,,,,iualumni@indiana.edu,,,
Sachin,Garg04,,,,09501009358,,
Gagan,,,,,078 37 892178,,
Daman_TM,,,,,089 68 960674,,
Ankita,,,,,097 49 633970,,
Rupinder,TM,,,,097 29 310530,,
Ashima,Malhotra,,System Engineer,,"088 05 826299, 084 27 257600",,
Anand Sir,,,,,7814318837,,
Ashish,2bhh,,,,098 23 415532,,
,,,,iusph@indiana.edu,,,
Nitin,Goyal,,System Engineer,,"09765252064, 085 91 220448",,
Sandeep,Gurgaon,,,,099 53 629047,,
Vipul,New Hostel,,,,9463586808,,
Madhuria,,,System Engineer,,086 98 033661,,
Sm,,,,,097 80 731024,,
Malika,,,,,078 37 098781,,
Aparna,,,,,075 08 232423,,
Dilip,,,,,088 56 914582,,
Amrinder,7pm,,,,080 54 332221,,
Mohit,Cp,,,,075 08 919700,,
Sanif,,,,,097 73 450642,,
Pimple,Nilakh Bike 20k Wil Cal In Evening,,,,09175682973,,
Parul,,,,,094 65 150871,,
Manoj,Infy,,,,097815 34702,,
Peddlers,Elante,,,,092 16 492021,,
Naveen,HDFCcard,,,,"099 88 873098, +91 88 72 274800",,
Amanjot,Kaur,,System Engineer,,"07769 056 280, +919781127079",,
Airtel,Postpaid,,,,098 15 649779,,
Mayur,,,,,080 80 304123,,
,,,,salaryiu@indiana.edu,,,
Prinkaa,,,,,085 57 856161,,
M&M,,,,,078 37 726788,,
Mini,,,,,095 69 451602,,
Mmmm,,,,,"88 60 164928, 097 80 927331",,
Gurleen,,,,,075 08 090433,,
Shubham,Nagar,,,,073 87 382123,,
Ishita,Tomar,,,,086 00 678143,,
Shailendra,Gupta,,Senior System Engineer,,075 07 030061,,
Amit,Tripathi,,Onsite Coordinator,,"073 87 091176, +4915166505121, +49 151 66505121",,
Gattu,Infy,,,,099723 98170,,
Ayushi,,,,,090 41 292161,,
Cheena,Di,,,,098 15 283002,,
Gowthami,,,,,073532 82441,,
Kamalpreet,Kaur,,,,091 58 020002,,
Karandeep,,,,,082 83 809969,,
2bhk Furnished,Sector,,,,095 01 100253,,
Piyush,Motta,,,,098153 51576,,
Gurbaj,Rex Gym,,,,9988068734,,
Seema,,,,,098 88 959605,,
Deepak,Idea,,,,86 99 506623,,
Ashim,Nanda,,System Engineer,,095 01 089995,,
Munshiji,,,,,078370 04433,,
Heena,,,,,098 03 408292,,
Smiti,Lohani,,,,"088 06 234370, +917204652199",,
Pulsar,180 Shivaji Nagar 20k,,,,09822320340,,
Venkat,Wakad 5k Individual,,,,09545194455,,
Electrician,Lalit,,,,090 11 856552,,
Neha,CP,,,,097 79 066261,,
,,,,tcchr@indiana.edu,,,
Pushpendra pune,,,,,07758040125,,
Sb,,,,,098 78 332630,,
,,,,sevisiu@iu.edu,,,
Tera,T,,,,(610) 274-4415,,
Sanchayan,,,,, +1 812-606-3733,,
Ayushi,,,,,"090 41 292161, +919041292161, +91 90412 92161",,
Vicky,IUB,,,,(812) 391-7458,,
,,,,tcitrin@indiana.edu,,,
Himanshu,Chandigarh,,,,"9815227797, +919815227797, +918968465995, +91 98152 27797",,
,,,,nbragin@indiana.edu,,,
Patrick,Feaster,,,pfeaster@indiana.edu,,,
,,,,nri@icicibank.com,,,
Nitika,San Francisco,,,," +14155219203, +1 (415) 521-9203",,
Jo,Vogt,,,javogt@indiana.edu,,,
WTS,IUB,,,,(812) 855-6738,,
Rahul,IUB,,,,"8123695418, (812) 369-5418",,
Bhabhi,Ji,,,,(706) 983-0803,,
,,,,soiccareers@soic.indiana.edu,,,
Sahil,IUB,,,,(812) 368-8597,,
Sanif,Maredia,,,,(281) 748-8049,,
Imtiaz,Service,,,, +917507503786,,
Sanchayan,Nath,,,sanchayan@sanchayannath.com,,,
Mary-Kate,Oreovicz,,,moreovic@iu.edu,,,
Baljit,IUB,,,," +917696453816, +91 76964 53816, +1 (812) 650-8259",,
BURSAR,,,,blbursar@indiana.edu,,,
Elan,Rajamani,,,elan@ifmusa.org,,,
,,,,bridget.comeau@3redgroup.com,,,
,,,,ugsawrd@indiana.edu,,,
Duo,People,,,, +1 317-274-4386,,
Rahul,IUB,,,,"‪+91 98451 01737‬, 8123695418, +919845101737, (812) 369-5418",,
Abhishek,IUB,,,, +16124437027,,
Vadera,Info,,,," +919888106609, +91 98 88 106609",,
Adeel,Bhutta,,,aabhutta@indiana.edu,,,
,,,,studentinquiries@westernunion.com,,,
Elan,BISM,,,," +18123259047, +1 (812) 325-9047",,
Sherry,Shaffar,,,Sherry.Shaffar@westernunion.com,,,
Aritra,De,,,Aritra90tnp@gmail.com,,,
Govind,IUB,,,,"8123691445, (812) 369-1445",,
Sagar,IUB,,,,"8123698537, (812) 369-8537",,
Jessica,Meyer,,,meyerjes@indiana.edu,,,
Prasandeep,singh,,,,,,
,,,,nikhileshkarthik7@gmail.com,,,
,,,,baljitdhanjal@gmail.com,,,
IU,Services,,,,,,
Raunak,IUB,,,,"6467176587, (646) 717-6587",,
Ranjit,Singh,,,singh.ranjit@icicibank.com,,,
Nikhilesh,IUB,,,,"8123617568, (812) 361-7568",,
Tyler,Citrin,,,tcitrin@umail.iu.edu,,,
Pratik,Sanghvi,,,psanghvi@umail.iu.edu,,,
BURSAR,,,,,,,
Sohil,IUB,,,,"8482379626, (848) 237-9626",,
Linda,Hostetter,,,lhostett@indiana.edu,,,
,,,,ps23@umail.iu.edu,,,
Luthra,Caneda,,,," +15146634744, +1 (514) 663-4744",,
,,,,natarajr@iu.edu,,,
Sujith,Shivaprakash,,,sujishiv@iu.edu,,,
,,,,smhaiska@iu.edu,,,
Bawa,,,,,"09876366326, +919876366326, +919780898554, +918968455339, +91 98763 66326",,
Karishma,Bhabhi,,,," +919928982384, +91 99289 82384",,
,,,,prepaid.cards@axisbank.com,,,
,,,,shreya.bhatia@egeni.com,,,
Vivek,IUB,,,,(260) 636-9580,,
IUB,,,,, +91 96737 77543,,
,,,,juswarne@indiana.edu,,,
Kristi,BISM,,,," +18123275885, +1 (812) 327-5885",,
,,,,avadapal@indiana.edu,,,
Ed,BISM,,,," +18123275549, +1 (812) 327-5549",,
,,,,jrussel@umail.iu.edu,,,
Adithya,Vadapalli,,,avadapal@umail.iu.edu,,,
,,,,jrussel@indiana.edu,,,
Rishabh,Monga,,,rmonga@umail.iu.edu,,,
Islam,Gashi,,,isgashi@indiana.edu,,,
Jerry,Russell,,,jrussell@indiana.edu,,,
Siddaarth,IUB,,,," +18126069561, +1 (812) 606-9561",,
Snehil,IUB,,,, +918622150108,,
Bhargava,IUB,,,,(812) 955-1737,,
Snehil,Notifications,,,222652665@notifications.canvaslms.com,,,
Snehil,IUB,,,,"8622150108, (862) 215-0108",,
Rerajitha,IUB,,,," +18126069791, +1 (812) 606-9791",,
,,,,wrighctr@indiana.edu,,,
Nikitha,IUB,,,," +19258444780, +1 (925) 844-4780",,
,,,,hireme@indiana.edu,,,
Gagy,124,,,, +91 76228 08124,,
Marcus,Ellington,,,ellingtm@umail.iu.edu,,,
Karishma,Jii,,,, +917069830803,,
,,,,siddchen@iu.edu,,,
,,,,mohit.saraf@yahoo.in,,,
,,,,nikchett@iu.edu,,,
Aditya,,,System Engineer,,"‪+91 77 38 890118‬, +917738890118",,
Nikitha,Chettiar,,,nikchett@umail.iu.edu,,,
Snehil,Vishwakarma,,,snehvish@umail.iu.edu,,,
Siddartha,Chennur,,,siddchen@umail.iu.edu,,,
Rerajitha,Mittai,,,reramitt@umail.iu.edu,,,
,,,,reramitt@iu.edu,,,
Karishma,Ji,,,, +91 88904 91256,,
Snehil,Vishwakarma,,,snehilv@gmail.com,,,
Himanshu,Chandigarh,,,," +919815227797, +918968465995, +91 98152 27797",,
Eva,Hicks,,,erhicks@indiana.edu,,,
Prasan,,,,," +18122728705, +1 (812) 272-8705",,
Debasis,Dwivedy,,,ddwivedy@iu.edu,,,
Sanket,Mhaiskar,,,sanketmhaiskar@gmail.com,,,
SRSC,Squash,,,, +1 (812) 855-7772,,
,,,,customercare@icicibank.com,,,
Bhargava,IUB,,,,"8129551737, (812) 955-1737",,
Cp,,,,, +91 94 64 490099,,
Taylor,Team,,,jude8x5sj@jobvite.com,,,
David,Squash,,,, +1 317-997-2032,,
,,,,dde@umail.iu.edu,,,
Kamalanathan,IUB,,,," +18122721178, +1 (812) 272-1178",,
Edward,Huff,,,ed.huff@bridgesinternational.com,,,
Vinita,IUB,,,,"6508627982, (650) 862-7982",,
Benjamin,Bunch,,,benbunch@umail.iu.edu,,,
ILSmain,,,,ilsmain@indiana.edu,,,
,,,,rlhelton@indiana.edu,,,
Gregory,Rawlins,,,rawlins@indiana.edu,,,
,,,,cepope@indiana.edu,,,
Sanif,Maredia,,,,"2817488049, (281) 748-8049",,
Randhawa,,,,,"‪+1 773-620-9916, 9815746888, +919972398150, +918566963360, +91 8289 069 245",,
Dhakauli,Broker,,,," +919988078379, +91 99 88 078379",,
,,,,Enterprise@trm.brassring.com,,,
Mohit,IUB,,,,"4699887540, (469) 988-7540",,
Tristan,Heise,,,tnheise@umail.iu.edu,,,
Jaz,Talley,,,jazdtall@indiana.edu,,,
,,,,sarsoren@umail.iu.edu,,,
,,,,rmlinn@umail.iu.edu,,,
,,,,gillianmueller@me.com,,,
Nek,Adawiyah,,,nneksoh@iu.edu,,,
,,,,evewhite@umail.iu.edu,,,
Hayley,Asher,,,asherh@indiana.edu,,,
,,,,pratikjain1104@gmail.com,,,
,,,,ariana-mora@hotmail.com,,,
Marcus,Ellington,,,ellingtm@iu.edu,,,
,,,,kathryn.vandrey@gmail.com,,,
,,,,mpiero@umail.iu.edu,,,
Farahieza,Basir,,,faramoha@umail.iu.edu,,,
Justin,Savage,,,judasava@iu.edu,,,
Derasaria,Azad,,,gderasar@iu.edu,,,
Megan,Riner,,,megriner@indiana.edu,,,
,,,,vmarni@umail.iu.edu,,,
Marisela,Salazar,,,marisala@iusb.edu,,,
,,,,gtoure@umail.iu.edu,,,
Jinqian,Ge,,,jinqge@iu.edu,,,
Ankit,Swarnkar,,,ankswarn@iu.edu,,,
William,Banister,,,wbaniste@indiana.edu,,,
,,,,nnawabi@ivytech.edu,,,
Linda,Branstetter,,,lbranste@indiana.edu,,,
Cameron,Flanagan,,,camflana@indiana.edu,,,
Ramello,McNeal,,,ramcneal@umail.iu.edu,,,
,,,,zachmaes@umail.iu.edu,,,
Mohit,Saraf,,,sarafm@iu.edu,,,
,,,,xuk@umail.iu.edu,,,
William,Evans,,,wjevans@indiana.edu,,,
,,,,zsaito@att.net,,,
Emily,Getz,,,egetz@indiana.edu,,,
Brooke,Kraus,,,bakraus@indiana.edu,,,
Tyler,Grays,,,tygrays@iu.edu,,,
,,,,jiaqlian@umail.iu.edu,,,
Crystal,Beckner,,,crlebeck@indiana.edu,,,
Zharia,Burnett,,,zburnett@umail.iu.edu,,,
Ke,Jiang,,,jiang45@indiana.edu,,,
Manan,Papdiwala,,,mananpapdiwala92@gmail.com,,,
Sydney,Mitchell,,,sydmitch@indiana.edu,,,
Liam,O'Hara,,,lpohara@indiana.edu,,,
Mariquisha,Matthews,,,matthmar@indiana.edu,,,
,,,,sakorrap@umail.iu.edu,,,
Lucas,Moehle,,,lmoehle@indiana.edu,,,
Stephen,Averitt,,,stheaver@indiana.edu,,,
Prathamesh,Jangam,,,prathamesh1694@gmail.com,,,
,,,,atoure@umail.iu.edu,,,
Wenya,Liu,,,liuweny@iu.edu,,,
Hanul,Cleveland,,,hancleve@indiana.edu,,,
,,,,arpitkhandelwal@hotmail.com,,,
Kelsey,Barker,,,barkerke@indiana.edu,,,
,,,,savora@umail.iu.edu,,,
Sogathur,Kamalanathan,,,ksogathu@indiana.edu,,,
Kunal,Pensalwar,,,kpensalw@iu.edu,,,
Kimberley,Botzum,,,kbotzum@indiana.edu,,,
Shubham,Kumar,,,shukumar@indiana.edu,,,
,,,,jgpalomi@umail.iu.edu,,,
Joseph,Steininger,,,josteini@indiana.edu,,,
Meghana,Kantharaj,,,megkanth@indiana.edu,,,
,,,,taebelle@umail.iu.edu,,,
Braden,Coblentz,,,bracoble@iu.edu,,,
Andrew,Casavecchia,,,acasavec@indiana.edu,,,
Stephanie,Patton,,,sslaybau@indiana.edu,,,
Milind,Makhamle,,,mmakhaml@iu.edu,,,
,,,,natasha_cilla@yahoo.com,,,
Tamara,Lane,,,tamlane@indiana.edu,,,
,,,,nsrosli@umail.iu.edu,,,
,,,,jiayhan@umail.iu.edu,,,
Jade,Schmid,,,jadeschm@umail.iu.edu,,,
Seth,Hoffman,,,semihoff@indiana.edu,,,
,,,,willichj@umail.iu.edu,,,
Ziwei,Ji,,,jibr@iu.edu,,,
Brittany,Taylor,,,taylbrit@iu.edu,,,
,,,,andreaa@umail.iu.edu,,,
Randall,Jackson,,,rbjackso@iu.edu,,,
Benjamin,Bunch,,,benbunch@indiana.edu,,,
Kaelly,Collins,,,kaelcoll@indiana.edu,,,
Prathmesh,Jangam,,,pjangam@indiana.edu,,,
,,,,cenow@umail.iu.edu,,,
,,,,its@bloomington.in.gov,,,
,,,,shremish@indiana.edu,,,
Pratik,Iub,,,," +18123498973, +1 (812) 349-8973",,
Jason,Yoder,,,jasonayoder@gmail.com,,,
NASDAQ,Inc.,,,julia@nasdaqhires.com,,,
,,,,incident@iu.edu,,,
,,,,ps23@iu.edu,,,
,,,,service.in@xiaomi.com,,,
Brad,Luen,,,bradluen@indiana.edu,,,
,,,,dalittle@indiana.edu,,,
Sepal,,,,,"9988909302, +919988909302, +91 99889 09302",,
,,,,arpanwar@umail.iu.edu,,,
,,,,masdwetz@umail.iu.edu,,,
,,,,petersrc@umail.iu.edu,,,
Under,Armour,,,interviews@hirevue.com,,,
,,,,roanmill@umail.iu.edu,,,
Chloe,Chew,,,chewc@umail.iu.edu,,,
Haowen,Zhang,,,zhanhaow@indiana.edu,,,
Andrea,IUB,,,," +16509338717, +1 650-933-8717",,
,,,,li430@imail.iu.edu,,,
,,,,dctate@umail.iu.edu,,,
,,,,jessmedi@umail.iu.edu,,,
,,,,kauroy@indiana.edu,,,
,,,,jemusser@indiana.edu,,,
,,,,cwailes@indiana.edu,,,
Mukul,Squash,,,, +91 97800 10371,,
,,,,lbrasili@indiana.edu,,,
,,,,lambak@iu.edu,,,
,,,,xl41@indiana.edu,,,
,,,,miaozhan@indiana.edu,,,
,,,,11nikchett@umail.iu.edu,,,
Meghana,IUB,,,," +15713020605, +1 571-302-0605",,
,,,,vorasagar7@gmail.com,,,
Noel,Hand,,,quickenloans+email+rbzi-e52480219c@agents.icims.com,,,
Ron,Bronson,,,bronsonr@bloomington.in.gov,,,
Bonga,Abhishek,,,,"3195125279, (319) 512-5279",,
Noel,Hand,,,NoelHand@quickenloans.com,,,
Dee,,,,, +91 99157 43493,,
,,,,sridas@indiana.edu,,,
,,,,Wedel@rndgroup.com,,,
Dale,Wedel,,,wedel@therndgroup.com,,,
Tom,Gardner,,,tgardner@therndgroup.com,,,
,,,,careers@whatifsports.com,,,
Amanjot,Kaur,,System Engineer,," +919781127079, +917769056280, +91 77690 56280",,
,,,,catyarne@indiana.edu,,,
Flush,Overflow,,,,(812) 339-5533,,
,,,,rpsdine@indiana.edu,,,
Ashima,Chennai,,,," +919962759177, +91 99627 59177",,
,,,,swany@indiana.edu,,,
milind,makhamle,,,milind.makhamle@gmail.com,,,
Messing,Kate,,,kmessing@iu.edu,,,
Rohith,Nedunuri,,,rnedunur@umail.iu.edu,,,
,,,,rnedunur@iu.edu,,,
Karan,IUB,,,," +15512544355, +1 (551) 254-4355",,
Pratik,IUB,,,,"8123690652, (812) 369-0652",,
Paramdeep,IUB,,,," +18123498940, +1 (812) 349-8940",,
Saif,IUB,,,," +18129276456, +1 (812) 927-6456",,
Adeel,Bhutta,,,," +14079295474, +1 (407) 929-5474",,
Wenya,IUB,,,, +1 812-606-5565,,
Amit,Tripathi,,Onsite Coordinator,,"073 87 091176, +49 151 66505121",,
Vikrant,IUB,,,,"8123619322, (812) 361-9322",,
Deep_TM,,,,," +919736854166, +91 97368 54166",,
Bhavik,IUB,,,," +18129551699, +1 (812) 955-1699",,
Kim,IUB,,,," +14349879753, +1 (434) 987-9753",,
Priyanka,IUB,,,, +18123690948,,
Srikanth,IUB,,,, +18123498476,,
Vandana,IUB,,,, +18123607699,,
Rohith,IUB,,,," +18123607334, +1 (812) 360-7334",,
Liping,IUB,,,, +14257539065,,
Sameedha,IUB,,,, +18123695729,,
Laxmi,IUB,,,, +18122721791,,
Shree,IUB,,,, +18123498449,,
Abhir,New,,,, +91 98727 27537,,
kanwar90,,,,,,,
gurmit,singh,,,,,,
Jash,IUB,,,," +16462070572, +1 (646) 207-0572",,
Gagandeep,Ubhi,,,,,,
Himanshu,Chandigarh,,,," +918968465995, +91 98152 27797",,
Vp,New,,,," +918872070193, +91 88720 70193",,
Bro,Number,,,, +91 836 076 6855,,
Gurpreet,Smagh,,,, +91 77570 06988,,
Sanchayan,,,,," +18126063733, +1 812-606-3733",,
Vp,New,,,, +91 88720 70193,,
<Unnamed>,,,,,,,
Debasis,IUB,,,,"8123914761, (812) 391-4761",,
Naren,IUB,,,, +91 91771 50428,,
Tanvir,Dhanjal,,,," +14084555985, +1 (408) 455-5985",,
Rima,,,,," +919646996712, +91 96469 96712",,
Chirag,Mangla,,,," +91 98188 26995, +919818826995, +918054126917, +91 98886 13369, +91 80541 26917",,
Sanjay,Mech,,,," +919876448071, +91 98764 48071",,
Ashim,Nanda,,System Engineer,," +919501089995, +91 95010 89995",,
Karun,IUB,,,, +15105794807,,
Interviewer,,,,, +1 408-478-5403,,
Milind,IUB,,,," +18123691558, +1 (812) 369-1558",,
Matthew,Boothby,,,,(812) 855-7024,,
Himanshu,Chandigarh,,,," +918968465995, +918360009454, +91 98152 27797, +91 83600 09454",,
Arnav,Sharma,,,," +919654605966, +91 9654605966",,
Mahu,Owner,,,,946-320-5554,,
M,T,,,," +17656988956, +1 765-698-8956",,
Mehak,philadelfia,,,,"6173194218, (617) 319-4218",,
Kailey,Sahil,,,, +91 95923 60911,,
Yash,Ketkar,,,," +18129276458, +1 (812) 927-6458",,
Himanshu,Chandigarh,,,," +919815227797, +918968465995, +91 98152 27797, +91 83600 09454",,
Simi,Zain,,,," +97337781453, +973 3778 1453",,
